START,STOP,PATIENT,ENCOUNTER,CODE,DESCRIPTION,UDI
2023-01-19T12:41:38Z,2023-01-19T12:41:38Z,aee7bbe1-0c45-c028-1e62-1f4cdb30c273,aee7bbe1-0c45-c028-0ab7-623f61d32a2e,706298007,Dental x-ray system (physical object),(01)29006076579224(11)221229(17)480113(10)313243961(21)25356126771283
2024-02-01T13:21:56Z,2024-02-01T13:21:56Z,aee7bbe1-0c45-c028-1e62-1f4cdb30c273,aee7bbe1-0c45-c028-ab64-60265579f441,706298007,Dental x-ray system (physical object),(01)25020194133568(11)240111(17)490125(10)3129740975874051(21)26150
2019-02-07T09:54:17Z,2019-02-07T09:54:17Z,5e688e99-61b3-5c88-3f60-21df8aaced27,5e688e99-61b3-5c88-d530-4e1d22c89571,706298007,Dental x-ray system (physical object),(01)78303373738593(11)190117(17)440201(10)3503126266105(21)5714
2021-03-01T08:37:35Z,,76b20010-c318-5754-8c85-983aa538522f,76b20010-c318-5754-8efe-c1d7a5b6ec87,225738002,Operating room (environment),(01)30611424381128(11)210208(17)460223(10)13713417396315655(21)642005367451
2022-10-27T09:53:44Z,2022-10-27T09:53:44Z,5e688e99-61b3-5c88-3f60-21df8aaced27,5e688e99-61b3-5c88-7b03-c5e129230da9,706298007,Dental x-ray system (physical object),(01)57906133748372(11)221006(17)471021(10)63343300691(21)959288860425124
2022-10-27T10:45:55Z,,5e688e99-61b3-5c88-3f60-21df8aaced27,5e688e99-61b3-5c88-7b03-c5e129230da9,225738002,Operating room (environment),(01)16993304549375(11)221006(17)471021(10)11043955(21)80569017640995
2026-03-23T08:26:53Z,2026-03-23T08:26:53Z,76b20010-c318-5754-8c85-983aa538522f,76b20010-c318-5754-92f6-be8b3353608c,706298007,Dental x-ray system (physical object),(01)47388637173721(11)260302(17)510317(10)846829046122813354(21)48452052469069678
2026-03-23T08:26:53Z,2026-03-23T09:30:22Z,76b20010-c318-5754-8c85-983aa538522f,76b20010-c318-5754-92f6-be8b3353608c,225738002,Operating room (environment),(01)44887179431429(11)260302(17)510317(10)2075673302976252340(21)62811
2024-03-14T09:52:46Z,2024-03-14T09:52:46Z,5e688e99-61b3-5c88-3f60-21df8aaced27,5e688e99-61b3-5c88-698b-bb7e1467a143,706298007,Dental x-ray system (physical object),(01)72461658792000(11)240222(17)490308(10)30966(21)585347719510184
2025-03-20T09:46:25Z,2025-03-20T09:46:25Z,5e688e99-61b3-5c88-3f60-21df8aaced27,5e688e99-61b3-5c88-78b5-08198d544fe2,706298007,Dental x-ray system (physical object),(01)84346876042465(11)250227(17)500314(10)29089(21)6206942859167662434
2018-10-12T10:08:58Z,2018-10-12T10:08:58Z,46976cf7-b0bf-be20-39a5-9f425a52886d,46976cf7-b0bf-be20-4fdd-7e5e2a058119,706298007,Dental x-ray system (physical object),(01)14430081782696(11)180921(17)431006(10)79661396(21)654791
2019-10-18T09:54:44Z,2019-10-18T09:54:44Z,46976cf7-b0bf-be20-39a5-9f425a52886d,46976cf7-b0bf-be20-0218-c8718c9a7491,706298007,Dental x-ray system (physical object),(01)87169721888907(11)190927(17)441011(10)422088089(21)720633708961
2022-03-07T08:02:49Z,2022-03-09T08:02:49Z,46976cf7-b0bf-be20-39a5-9f425a52886d,46976cf7-b0bf-be20-269f-08f8637a77a2,228869008,Manual wheelchair (physical object),(01)77608342472992(11)220214(17)470301(10)7227967342191(21)3001247433237120851
2023-11-03T10:05:48Z,,46976cf7-b0bf-be20-39a5-9f425a52886d,46976cf7-b0bf-be20-9544-bf21a87e34a6,225738002,Operating room (environment),(01)53558132929440(11)231013(17)481027(10)3713101450919040410(21)189131836063176
2017-03-21T18:40:22Z,2017-03-21T18:40:22Z,4f083ce3-f12b-bb4b-7353-e17f0cd55b0a,4f083ce3-f12b-bb4b-c029-f35cbc5a15f5,706298007,Dental x-ray system (physical object),(01)33801536736130(11)170228(17)420315(10)2984333608080233(21)37326407
2017-03-21T18:40:22Z,2017-03-21T20:24:12Z,4f083ce3-f12b-bb4b-7353-e17f0cd55b0a,4f083ce3-f12b-bb4b-c029-f35cbc5a15f5,225738002,Operating room (environment),(01)79424528574944(11)170228(17)420315(10)1614232(21)9195965623
2021-03-16T16:39:27Z,,4f083ce3-f12b-bb4b-7353-e17f0cd55b0a,4f083ce3-f12b-bb4b-8821-cde66422f786,337414009,Blood glucose meter (physical object),(01)75475527329734(11)210223(17)460310(10)4208087927711(21)1467777246563776
2023-07-16T08:39:27Z,,4f083ce3-f12b-bb4b-7353-e17f0cd55b0a,4f083ce3-f12b-bb4b-3848-d994958f223c,170615005,Home nebulizer (physical object),(01)87289188223154(11)230625(17)480709(10)844265480441657(21)721865340
2004-07-27T12:16:45Z,2004-08-01T12:16:45Z,aa616abe-1761-0c9a-7959-07544679dafd,aa616abe-1761-0c9a-fd92-ebb85912aaf0,228869008,Manual wheelchair (physical object),(01)48534754275069(11)040706(17)290721(10)28546958909264911(21)8492929941
2007-10-17T12:16:45Z,2007-11-20T12:16:45Z,aa616abe-1761-0c9a-7959-07544679dafd,aa616abe-1761-0c9a-e539-24b45cc96ef2,228869008,Manual wheelchair (physical object),(01)26339194563832(11)070926(17)321010(10)8050(21)7922199271523
2018-09-18T13:00:18Z,2018-09-18T13:00:18Z,46ee9d82-b52c-856d-069b-5064ff052225,46ee9d82-b52c-856d-5773-5dfa12e4eafb,706298007,Dental x-ray system (physical object),(01)49351301291533(11)180828(17)430912(10)58909(21)503126141
2021-10-05T13:30:37Z,2021-10-05T13:30:37Z,46ee9d82-b52c-856d-069b-5064ff052225,46ee9d82-b52c-856d-2648-587cd6b9186e,706298007,Dental x-ray system (physical object),(01)18083276101656(11)210914(17)460929(10)53159620506(21)41955
1975-06-02T02:58:31Z,,c86c400e-ff88-a1e3-2e23-caa4d8311f47,c86c400e-ff88-a1e3-a5af-fd0a2f352cd6,706298007,Dental x-ray system (physical object),(01)17482232694581(11)750512(17)000526(10)7341(21)848982311515
1978-05-29T04:20:02Z,1978-05-29T04:20:02Z,c86c400e-ff88-a1e3-2e23-caa4d8311f47,c86c400e-ff88-a1e3-da34-06d00ec566c0,706298007,Dental x-ray system (physical object),(01)57960544971963(11)780508(17)030523(10)3548151(21)59988000455
1981-06-01T04:14:17Z,1981-06-01T04:14:17Z,c86c400e-ff88-a1e3-2e23-caa4d8311f47,c86c400e-ff88-a1e3-073a-a2ade5f109e4,706298007,Dental x-ray system (physical object),(01)64879362225289(11)810511(17)060526(10)848330814133102(21)2005
1981-06-01T05:13:53Z,,c86c400e-ff88-a1e3-2e23-caa4d8311f47,c86c400e-ff88-a1e3-073a-a2ade5f109e4,225738002,Operating room (environment),(01)32259265514228(11)810511(17)060526(10)8369136(21)139909492
1984-03-11T02:51:07Z,1984-04-19T02:51:07Z,c86c400e-ff88-a1e3-2e23-caa4d8311f47,c86c400e-ff88-a1e3-681f-9d0d26d2f4ba,228869008,Manual wheelchair (physical object),(01)11462606531679(11)840219(17)090305(10)7151406087435981740(21)755306
1984-06-12T07:51:18Z,,c86c400e-ff88-a1e3-2e23-caa4d8311f47,c86c400e-ff88-a1e3-6f27-bf321ab4c01f,706298007,Dental x-ray system (physical object),(01)28588236518478(11)840522(17)090606(10)59182(21)488441401709342098
1984-06-26T08:38:59Z,,c86c400e-ff88-a1e3-2e23-caa4d8311f47,c86c400e-ff88-a1e3-2894-0c586e58b4b4,8060009,Denture  device (physical object),(01)40527393463004(11)840605(17)090620(10)414618231(21)123321146116816
1985-08-03T00:11:11Z,,e74367bd-7385-97dc-2c7f-251b4cd9fe29,e74367bd-7385-97dc-50c8-1c38d0b03504,337414009,Blood glucose meter (physical object),(01)68798389428119(11)850713(17)100728(10)349079(21)7152
2016-11-12T02:57:50Z,2016-11-12T02:57:50Z,e74367bd-7385-97dc-2c7f-251b4cd9fe29,e74367bd-7385-97dc-a8fc-9f3e6192b5f4,706298007,Dental x-ray system (physical object),(01)15968743323225(11)161022(17)411106(10)651336163(21)346140
2021-07-05T00:11:11Z,,e74367bd-7385-97dc-2c7f-251b4cd9fe29,e74367bd-7385-97dc-43b6-e29823d0357c,228869008,Manual wheelchair (physical object),(01)14126309398046(11)210614(17)460629(10)60506828(21)4295935516961
2021-07-05T00:11:11Z,,e74367bd-7385-97dc-2c7f-251b4cd9fe29,e74367bd-7385-97dc-43b6-e29823d0357c,705417005,Wheelchair accessory (physical object),(01)84805230797163(11)210614(17)460629(10)673949353381396(21)1214003
2026-07-21T13:47:49Z,,eb5910f1-26e6-bc6f-b300-716eae678d6f,eb5910f1-26e6-bc6f-a303-c4d46276450d,225738002,Operating room (environment),(01)19102807595797(11)260630(17)510715(10)3740857(21)11223777290
1958-03-24T04:32:58Z,1958-03-24T04:32:58Z,150a8a76-1563-717e-bf0f-f52045675f46,150a8a76-1563-717e-8552-23196b530379,706298007,Dental x-ray system (physical object),(01)91151442394437(11)580303(17)830318(10)464212(21)60858
1962-04-23T04:29:27Z,1962-04-23T05:50:43Z,150a8a76-1563-717e-bf0f-f52045675f46,150a8a76-1563-717e-89b3-bf55afe29671,225738002,Operating room (environment),(01)11655319887634(11)620402(17)870417(10)672109606(21)5093439732003
1964-09-21T04:09:18Z,1964-09-21T04:09:18Z,150a8a76-1563-717e-bf0f-f52045675f46,150a8a76-1563-717e-4d19-fe01c62bdb96,706298007,Dental x-ray system (physical object),(01)73155097098156(11)640831(17)890915(10)2675822556000002380(21)49918699343
1965-05-10T04:34:55Z,1965-05-10T04:34:55Z,150a8a76-1563-717e-bf0f-f52045675f46,150a8a76-1563-717e-37a5-5d7a688264f6,706298007,Dental x-ray system (physical object),(01)64506916157693(11)650419(17)900504(10)7520996729598060(21)4908999276
1965-05-10T05:20:16Z,,150a8a76-1563-717e-bf0f-f52045675f46,150a8a76-1563-717e-37a5-5d7a688264f6,225738002,Operating room (environment),(01)38596312288306(11)650419(17)900504(10)729519(21)160303630425
2023-07-26T02:09:31Z,,6fbddf55-7096-b883-7cd3-260f27953080,6fbddf55-7096-b883-a7e6-12bec9351b6d,225738002,Operating room (environment),(01)60968564207733(11)230705(17)480719(10)5104414893168592357(21)670470309079
1971-06-18T10:14:47Z,,14a5a697-29a3-48b2-969a-3ceefe74a700,14a5a697-29a3-48b2-eee2-4f70c7492cad,170615005,Home nebulizer (physical object),(01)71345357693190(11)710528(17)960611(10)7757273579154(21)7878081443463841249
2000-11-25T02:14:47Z,,14a5a697-29a3-48b2-969a-3ceefe74a700,14a5a697-29a3-48b2-3c06-08676923ae16,337414009,Blood glucose meter (physical object),(01)79879666854530(11)001104(17)251119(10)559758590(21)26823489826766097
2002-12-28T02:47:16Z,,14a5a697-29a3-48b2-969a-3ceefe74a700,14a5a697-29a3-48b2-75b6-b35395844cc0,706298007,Dental x-ray system (physical object),(01)19494298390290(11)021207(17)271222(10)4110686836740474(21)5260
2019-07-04T17:45:47Z,2019-07-04T17:45:47Z,d3727ff2-5d7b-347f-d78c-edc4323cf890,d3727ff2-5d7b-347f-d2cb-94afc9f17e1c,706298007,Dental x-ray system (physical object),(01)60469446307458(11)190613(17)440627(10)79825577989800106(21)1310536550234
2018-01-20T04:07:51Z,2018-01-20T04:07:51Z,14a5a697-29a3-48b2-969a-3ceefe74a700,14a5a697-29a3-48b2-217d-a087719fc18b,706298007,Dental x-ray system (physical object),(01)84036281340155(11)171230(17)430114(10)676532(21)342477783112642691
2011-06-17T20:19:32Z,,ba419d35-0dfe-8af7-347c-eebf02485a56,ba419d35-0dfe-8af7-10ab-782deffd2951,225738002,Operating room (environment),(01)14713726245039(11)110527(17)360610(10)5138976825451935538(21)2505918685300394
2011-07-15T19:39:40Z,2011-07-15T19:39:40Z,ba419d35-0dfe-8af7-347c-eebf02485a56,ba419d35-0dfe-8af7-b0bb-68158c0b8c64,706298007,Dental x-ray system (physical object),(01)34372423964532(11)110624(17)360708(10)83570726351194241(21)859011776575347
2011-07-15T20:38:01Z,,ba419d35-0dfe-8af7-347c-eebf02485a56,ba419d35-0dfe-8af7-b0bb-68158c0b8c64,225738002,Operating room (environment),(01)79439978034147(11)110624(17)360708(10)4462446(21)19632
2019-02-14T06:41:10Z,,14a5a697-29a3-48b2-969a-3ceefe74a700,14a5a697-29a3-48b2-d104-eb9ab1857011,706298007,Dental x-ray system (physical object),(01)80614477629814(11)190124(17)440208(10)6690119(21)8990569071
2019-03-07T07:18:59Z,,14a5a697-29a3-48b2-969a-3ceefe74a700,14a5a697-29a3-48b2-f94c-f4a987475884,8060009,Denture  device (physical object),(01)73129113117989(11)190214(17)440229(10)1026920405(21)6016726875
2020-02-01T03:52:51Z,2020-02-01T03:52:51Z,14a5a697-29a3-48b2-969a-3ceefe74a700,14a5a697-29a3-48b2-2c24-7f25010adceb,706298007,Dental x-ray system (physical object),(01)50714057319744(11)200111(17)450125(10)46994(21)8618491
2012-03-09T19:54:11Z,2012-03-09T19:54:11Z,ba419d35-0dfe-8af7-347c-eebf02485a56,ba419d35-0dfe-8af7-8e59-4f1c8110d2a3,706298007,Dental x-ray system (physical object),(01)88013601609279(11)120217(17)370303(10)3491650764201186(21)7652924603597
2021-02-06T04:21:26Z,2021-02-06T04:21:26Z,14a5a697-29a3-48b2-969a-3ceefe74a700,14a5a697-29a3-48b2-b80d-9247f3839d69,706298007,Dental x-ray system (physical object),(01)74287252819124(11)210116(17)460131(10)326713791007920(21)6818
2023-02-18T03:58:36Z,2023-02-18T03:58:36Z,14a5a697-29a3-48b2-969a-3ceefe74a700,14a5a697-29a3-48b2-74a4-211cbcf9e8f8,706298007,Dental x-ray system (physical object),(01)83473745613737(11)230128(17)480212(10)67987709853502646(21)16201901496974920
2023-11-18T02:14:47Z,2023-12-28T02:14:47Z,14a5a697-29a3-48b2-969a-3ceefe74a700,14a5a697-29a3-48b2-90d4-0f362b84af17,91537007,Hospital bed  device (physical object),(01)80202380189926(11)231028(17)481111(10)6071125300(21)37907675188
2023-11-18T02:14:47Z,2023-12-28T02:14:47Z,14a5a697-29a3-48b2-969a-3ceefe74a700,14a5a697-29a3-48b2-90d4-0f362b84af17,360008003,Commode (physical object),(01)88595042378246(11)231028(17)481111(10)313339479172301157(21)63933546157
2025-03-01T03:54:45Z,2025-03-01T03:54:45Z,14a5a697-29a3-48b2-969a-3ceefe74a700,14a5a697-29a3-48b2-0258-7ac663d4bae7,706298007,Dental x-ray system (physical object),(01)20411380308409(11)250208(17)500223(10)4499486(21)82067803405715340
2025-03-01T04:28:59Z,,14a5a697-29a3-48b2-969a-3ceefe74a700,14a5a697-29a3-48b2-0258-7ac663d4bae7,225738002,Operating room (environment),(01)49970539515349(11)250208(17)500223(10)7749747854(21)41794
2013-06-07T19:26:39Z,2013-06-07T19:26:39Z,ba419d35-0dfe-8af7-347c-eebf02485a56,ba419d35-0dfe-8af7-9ae5-dde1cb3be365,706298007,Dental x-ray system (physical object),(01)73471419989725(11)130517(17)380601(10)824920(21)315317577
2017-03-15T22:56:22Z,2017-03-15T22:56:22Z,62f60bdb-cc5c-8305-b98b-f2b229a55eca,62f60bdb-cc5c-8305-102f-d385a431b8fc,706298007,Dental x-ray system (physical object),(01)12810661495512(11)170222(17)420309(10)822595(21)742903853034
2020-03-18T21:06:28Z,,62f60bdb-cc5c-8305-b98b-f2b229a55eca,62f60bdb-cc5c-8305-6b74-352a4b35b527,337414009,Blood glucose meter (physical object),(01)65909367508511(11)200226(17)450312(10)243032459904247413(21)4917343293091141
2015-05-29T20:03:48Z,2015-05-29T20:03:48Z,ba419d35-0dfe-8af7-347c-eebf02485a56,ba419d35-0dfe-8af7-f264-32cbae9fa313,706298007,Dental x-ray system (physical object),(01)88492822107580(11)150508(17)400522(10)776574544498131819(21)3543186157905
2021-04-07T23:16:30Z,2021-04-07T23:16:30Z,62f60bdb-cc5c-8305-b98b-f2b229a55eca,62f60bdb-cc5c-8305-5d3e-154d1cc4bb55,706298007,Dental x-ray system (physical object),(01)46467440944442(11)210318(17)460402(10)430608542645309143(21)2902891
2023-04-19T23:02:27Z,2023-04-19T23:02:27Z,62f60bdb-cc5c-8305-b98b-f2b229a55eca,62f60bdb-cc5c-8305-60d4-4b2026fe0e04,706298007,Dental x-ray system (physical object),(01)69223876439809(11)230330(17)480413(10)34402573043923(21)3214031043052599696
2015-11-20T20:23:59Z,2015-11-20T20:23:59Z,ba419d35-0dfe-8af7-347c-eebf02485a56,ba419d35-0dfe-8af7-e47d-9a857249a136,706298007,Dental x-ray system (physical object),(01)85897896157881(11)151030(17)401113(10)3130652729035072(21)507365988446042
2016-01-22T20:15:47Z,2016-01-22T20:15:47Z,ba419d35-0dfe-8af7-347c-eebf02485a56,ba419d35-0dfe-8af7-88cc-7f05bd94e86a,706298007,Dental x-ray system (physical object),(01)50403685281010(11)150101(17)410115(10)74393182230432(21)3979338275022
2026-01-14T23:30:45Z,2026-01-14T23:30:45Z,62f60bdb-cc5c-8305-b98b-f2b229a55eca,62f60bdb-cc5c-8305-de1f-d208a76853c3,706298007,Dental x-ray system (physical object),(01)76357899006218(11)251225(17)510109(10)82365567672617471(21)7157566
2016-04-08T20:48:34Z,,ba419d35-0dfe-8af7-347c-eebf02485a56,ba419d35-0dfe-8af7-d740-115d981309ca,225738002,Operating room (environment),(01)87716469382806(11)160318(17)410402(10)6543595852904813725(21)118922
2016-07-22T19:45:16Z,2016-07-22T19:45:16Z,ba419d35-0dfe-8af7-347c-eebf02485a56,ba419d35-0dfe-8af7-fda9-9e040217c405,706298007,Dental x-ray system (physical object),(01)86063613102071(11)160701(17)410716(10)76388178961093925(21)66530572168131
2016-09-30T18:54:52Z,2016-09-30T18:54:52Z,ba419d35-0dfe-8af7-347c-eebf02485a56,ba419d35-0dfe-8af7-388d-dc120cda8a75,706298007,Dental x-ray system (physical object),(01)38935949657332(11)160909(17)410924(10)3730116428131(21)3979435612
2018-07-18T05:06:09Z,2018-07-18T05:06:09Z,982750f4-569b-5949-196b-60699bdda3fb,982750f4-569b-5949-b6c2-516367a990b3,706298007,Dental x-ray system (physical object),(01)26446237450036(11)180627(17)430712(10)4385334068862(21)4472441162
2020-07-29T04:59:50Z,2020-07-29T04:59:50Z,982750f4-569b-5949-196b-60699bdda3fb,982750f4-569b-5949-8921-92dbf365a748,706298007,Dental x-ray system (physical object),(01)83269597814054(11)200708(17)450723(10)24226433504(21)813931622948293799
2020-08-21T20:09:59Z,2020-08-21T20:09:59Z,ba419d35-0dfe-8af7-347c-eebf02485a56,ba419d35-0dfe-8af7-f604-d59e82fcdad7,706298007,Dental x-ray system (physical object),(01)85503350279909(11)200731(17)450815(10)428224465399021774(21)7923664885924264
2021-01-29T17:51:43Z,,ba419d35-0dfe-8af7-347c-eebf02485a56,ba419d35-0dfe-8af7-f9d5-84bc455eb49e,91537007,Hospital bed  device (physical object),(01)57680268495760(11)210108(17)460123(10)2038(21)192934868117503894
2022-07-27T03:17:39Z,,982750f4-569b-5949-196b-60699bdda3fb,982750f4-569b-5949-4720-0774e84d338e,337414009,Blood glucose meter (physical object),(01)73575688088233(11)220706(17)470721(10)702190971969(21)8290209
2024-08-21T05:05:28Z,2024-08-21T05:05:28Z,982750f4-569b-5949-196b-60699bdda3fb,982750f4-569b-5949-6b67-a5b8aee48d2d,706298007,Dental x-ray system (physical object),(01)63980587623291(11)240731(17)490815(10)4979788822214(21)58610390088
2025-08-27T05:26:58Z,2025-08-27T05:26:58Z,982750f4-569b-5949-196b-60699bdda3fb,982750f4-569b-5949-2b5b-329234239c29,706298007,Dental x-ray system (physical object),(01)83697559159910(11)250806(17)500821(10)44571943928158(21)242932310719509
2025-08-27T06:11:54Z,,982750f4-569b-5949-196b-60699bdda3fb,982750f4-569b-5949-2b5b-329234239c29,225738002,Operating room (environment),(01)87674905873358(11)250806(17)500821(10)100642672(21)1879
2026-09-02T05:34:58Z,2026-09-02T05:34:58Z,982750f4-569b-5949-196b-60699bdda3fb,982750f4-569b-5949-7dde-c83aae539723,706298007,Dental x-ray system (physical object),(01)47436523140355(11)260812(17)510827(10)255351648492846748(21)41038715307396785
2024-08-08T17:35:47Z,2024-08-08T17:35:47Z,0f1067c3-9151-8829-56cd-2eff898db59c,0f1067c3-9151-8829-fd2f-e61003713e72,706298007,Dental x-ray system (physical object),(01)89025194359962(11)240718(17)490802(10)266044513707(21)769754936811
2025-08-14T17:32:15Z,2025-08-14T17:32:15Z,0f1067c3-9151-8829-56cd-2eff898db59c,0f1067c3-9151-8829-509a-237ba67519d9,706298007,Dental x-ray system (physical object),(01)56844392052826(11)250724(17)500808(10)876561(21)203613495651271391
1969-05-05T02:28:54Z,,80fcbdbc-e907-9bd5-2644-ad9ef5d6545b,80fcbdbc-e907-9bd5-aed7-8fbc0911cbc3,337414009,Blood glucose meter (physical object),(01)14186741614617(11)690414(17)940429(10)75579(21)212170349
2017-07-10T04:22:47Z,2017-07-10T04:22:47Z,80fcbdbc-e907-9bd5-2644-ad9ef5d6545b,80fcbdbc-e907-9bd5-694d-fd9dee2b3ac8,706298007,Dental x-ray system (physical object),(01)27983276909109(11)170619(17)420704(10)3027(21)5603850390920
1992-09-30T19:18:39Z,1992-09-30T23:32:39Z,35b353dd-402b-571a-d67a-af0a104d0854,35b353dd-402b-571a-af98-b7c6a19e8bdb,701077002,Respiratory apnea monitoring system (physical object),(01)82070870812880(11)920909(17)170924(10)8016564197020760877(21)6283
1992-09-30T19:18:39Z,1992-09-30T23:32:39Z,35b353dd-402b-571a-d67a-af0a104d0854,35b353dd-402b-571a-af98-b7c6a19e8bdb,701100002,Polysomnography analyzer (physical object),(01)73216257253521(11)920909(17)170924(10)1567087(21)205810373117741
1992-09-30T23:32:39Z,1997-10-11T17:04:34Z,35b353dd-402b-571a-d67a-af0a104d0854,35b353dd-402b-571a-af98-b7c6a19e8bdb,702172008,Home continuous positive airway pressure unit (physical object),(01)77222226168160(11)920910(17)170925(10)5420299380855078(21)51253264349
1992-09-30T23:32:39Z,1997-10-11T17:04:34Z,35b353dd-402b-571a-d67a-af0a104d0854,35b353dd-402b-571a-af98-b7c6a19e8bdb,706180003,Respiratory humidifier (physical object),(01)85005456056271(11)920910(17)170925(10)582371754679(21)495508
2017-02-18T18:55:17Z,2017-02-18T18:55:17Z,35b353dd-402b-571a-d67a-af0a104d0854,35b353dd-402b-571a-389d-e683d3a7dd8b,706298007,Dental x-ray system (physical object),(01)41114600840497(11)170128(17)420212(10)2139(21)361518408
2017-02-18T19:50:08Z,,35b353dd-402b-571a-d67a-af0a104d0854,35b353dd-402b-571a-389d-e683d3a7dd8b,225738002,Operating room (environment),(01)66312592455695(11)170128(17)420212(10)6140553888463(21)46386396
2018-08-21T03:12:53Z,2018-09-13T03:12:53Z,80fcbdbc-e907-9bd5-2644-ad9ef5d6545b,80fcbdbc-e907-9bd5-b317-4c6d37063d65,228869008,Manual wheelchair (physical object),(01)63503794878795(11)180731(17)430815(10)16147419065726181(21)71430897915049544
2018-02-24T18:54:48Z,2018-02-24T18:54:48Z,35b353dd-402b-571a-d67a-af0a104d0854,35b353dd-402b-571a-b64e-c83574111f4c,706298007,Dental x-ray system (physical object),(01)79366454461206(11)180203(17)430218(10)866971087(21)614277717616310165
2018-05-12T16:59:25Z,2020-12-26T16:47:43Z,35b353dd-402b-571a-d67a-af0a104d0854,35b353dd-402b-571a-3ca5-5d1134014fc4,702172008,Home continuous positive airway pressure unit (physical object),(01)50190346434865(11)180421(17)430506(10)56433074913(21)43083350730440
2018-05-12T16:59:25Z,2020-12-26T16:47:43Z,35b353dd-402b-571a-d67a-af0a104d0854,35b353dd-402b-571a-3ca5-5d1134014fc4,706180003,Respiratory humidifier (physical object),(01)86313191421773(11)180421(17)430506(10)1264126697745358089(21)41301
2018-06-23T18:13:29Z,2018-06-23T18:13:29Z,35b353dd-402b-571a-d67a-af0a104d0854,35b353dd-402b-571a-977a-99410adeaf62,706298007,Dental x-ray system (physical object),(01)42709314158350(11)180602(17)430617(10)636971575(21)2480
1995-01-29T02:07:40Z,,bff9d9d5-ee3d-d852-9c67-36d8361a4a4a,bff9d9d5-ee3d-d852-6477-ad2ae8f1d045,337414009,Blood glucose meter (physical object),(01)50284254217879(11)950108(17)200123(10)72596(21)5768292434752
2022-03-07T02:28:54Z,2022-03-18T02:28:54Z,80fcbdbc-e907-9bd5-2644-ad9ef5d6545b,80fcbdbc-e907-9bd5-730e-02da81f0b4dd,228869008,Manual wheelchair (physical object),(01)54341604025516(11)220214(17)470301(10)374288695649617(21)465093
2022-08-08T03:57:33Z,2022-08-08T03:57:33Z,80fcbdbc-e907-9bd5-2644-ad9ef5d6545b,80fcbdbc-e907-9bd5-f53e-bd2ab96cb335,706298007,Dental x-ray system (physical object),(01)18105571872910(11)220718(17)470802(10)76960669471790(21)56454570
2020-12-26T16:47:43Z,2024-03-16T17:05:08Z,35b353dd-402b-571a-d67a-af0a104d0854,35b353dd-402b-571a-2312-ebd3a961dd10,702172008,Home continuous positive airway pressure unit (physical object),(01)36473422523963(11)201205(17)451220(10)1648180701170(21)4906392725257657965
2020-12-26T16:47:43Z,2024-03-16T17:05:08Z,35b353dd-402b-571a-d67a-af0a104d0854,35b353dd-402b-571a-2312-ebd3a961dd10,706180003,Respiratory humidifier (physical object),(01)56896340883897(11)201205(17)451220(10)680326095869(21)977556179712589
2024-08-19T04:33:08Z,2024-08-19T04:33:08Z,80fcbdbc-e907-9bd5-2644-ad9ef5d6545b,80fcbdbc-e907-9bd5-0c7b-eaafed0e2bcd,706298007,Dental x-ray system (physical object),(01)76648939508901(11)240729(17)490813(10)486492746209(21)53053533084035111
2024-03-16T17:05:08Z,2024-11-02T17:06:10Z,35b353dd-402b-571a-d67a-af0a104d0854,35b353dd-402b-571a-ee7e-8105356795d5,702172008,Home continuous positive airway pressure unit (physical object),(01)69777283278781(11)240224(17)490310(10)8977790506(21)1293462
2024-03-16T17:05:08Z,2024-11-02T17:06:10Z,35b353dd-402b-571a-d67a-af0a104d0854,35b353dd-402b-571a-ee7e-8105356795d5,706180003,Respiratory humidifier (physical object),(01)10792493381778(11)240224(17)490310(10)72679378(21)606668655639451677
2021-07-11T04:06:22Z,2021-07-11T04:06:22Z,bff9d9d5-ee3d-d852-9c67-36d8361a4a4a,bff9d9d5-ee3d-d852-a961-f30c8c6bcfed,706298007,Dental x-ray system (physical object),(01)84826251446009(11)210620(17)460705(10)827960991792063697(21)2794112834021666900
2026-08-31T04:35:04Z,2026-08-31T04:35:04Z,80fcbdbc-e907-9bd5-2644-ad9ef5d6545b,80fcbdbc-e907-9bd5-bc48-f8830dbf8ab3,706298007,Dental x-ray system (physical object),(01)17088348031742(11)260810(17)510825(10)8138611512094237249(21)3702058671521487529
2022-07-17T04:34:29Z,2022-07-17T04:34:29Z,bff9d9d5-ee3d-d852-9c67-36d8361a4a4a,bff9d9d5-ee3d-d852-491b-b5e4864426c2,706298007,Dental x-ray system (physical object),(01)61655011363242(11)220626(17)470711(10)527919908378478586(21)7267173
2022-07-17T05:18:19Z,,bff9d9d5-ee3d-d852-9c67-36d8361a4a4a,bff9d9d5-ee3d-d852-491b-b5e4864426c2,225738002,Operating room (environment),(01)22337799943598(11)220626(17)470711(10)45930(21)285264
2024-09-21T17:52:18Z,2024-09-21T17:52:18Z,35b353dd-402b-571a-d67a-af0a104d0854,35b353dd-402b-571a-c159-604928333cd1,706298007,Dental x-ray system (physical object),(01)80933448107750(11)240831(17)490915(10)586311(21)8328129960637047569
2024-11-02T17:06:10Z,2025-08-30T17:15:24Z,35b353dd-402b-571a-d67a-af0a104d0854,35b353dd-402b-571a-2f70-f4f4cc7dd7db,702172008,Home continuous positive airway pressure unit (physical object),(01)87073212019666(11)241012(17)491027(10)6653300256049562300(21)21360256
2024-11-02T17:06:10Z,2025-08-30T17:15:24Z,35b353dd-402b-571a-d67a-af0a104d0854,35b353dd-402b-571a-2f70-f4f4cc7dd7db,706180003,Respiratory humidifier (physical object),(01)61068176671960(11)241012(17)491027(10)81170497243890672(21)3737411400
2025-08-30T17:15:24Z,,35b353dd-402b-571a-d67a-af0a104d0854,35b353dd-402b-571a-4262-5d888363f2b2,702172008,Home continuous positive airway pressure unit (physical object),(01)46937325266161(11)250809(17)500824(10)748250274936(21)53063738239269049
2025-08-30T17:15:24Z,,35b353dd-402b-571a-d67a-af0a104d0854,35b353dd-402b-571a-4262-5d888363f2b2,706180003,Respiratory humidifier (physical object),(01)55433352501952(11)250809(17)500824(10)418126616877707994(21)409409
2024-07-28T03:43:56Z,2024-07-28T03:43:56Z,bff9d9d5-ee3d-d852-9c67-36d8361a4a4a,bff9d9d5-ee3d-d852-f4cc-17d635b14005,706298007,Dental x-ray system (physical object),(01)79470477217616(11)240707(17)490722(10)78201353293687000(21)569903827
2018-10-30T12:45:37Z,2018-10-30T12:45:37Z,947c82ee-1735-c9ed-8210-38cb93d8070c,947c82ee-1735-c9ed-a221-f39fc70eff67,706298007,Dental x-ray system (physical object),(01)77873608549569(11)181009(17)431024(10)1538935272147347770(21)31943683179238685
2021-05-04T13:39:22Z,2021-05-04T13:39:22Z,947c82ee-1735-c9ed-8210-38cb93d8070c,947c82ee-1735-c9ed-650c-e34b188d1ebb,706298007,Dental x-ray system (physical object),(01)73313868379420(11)210413(17)460428(10)457995349383466(21)87784015
2011-04-02T14:17:29Z,,2c167999-289d-95fa-5c27-7d8b8d35348c,2c167999-289d-95fa-8358-a378e48f99da,337414009,Blood glucose meter (physical object),(01)88492439931912(11)110312(17)360326(10)8817851(21)75153185584325
2024-05-21T13:19:44Z,2024-05-21T13:19:44Z,947c82ee-1735-c9ed-8210-38cb93d8070c,947c82ee-1735-c9ed-2566-6663426398bd,706298007,Dental x-ray system (physical object),(01)67489863626786(11)240430(17)490515(10)40653670045470(21)8272841515431
2021-06-12T16:21:03Z,2021-06-12T16:21:03Z,2c167999-289d-95fa-5c27-7d8b8d35348c,2c167999-289d-95fa-8432-6747d00687c9,706298007,Dental x-ray system (physical object),(01)60318371699141(11)210522(17)460606(10)296477905233751690(21)756604001
2026-06-02T13:14:05Z,2026-06-02T13:14:05Z,947c82ee-1735-c9ed-8210-38cb93d8070c,947c82ee-1735-c9ed-de62-7ee1bf68df90,706298007,Dental x-ray system (physical object),(01)35844518662312(11)260512(17)510527(10)85474(21)7317845279702146
2024-06-29T17:00:23Z,2024-06-29T17:00:23Z,2c167999-289d-95fa-5c27-7d8b8d35348c,2c167999-289d-95fa-0430-a17a4a0ee81f,706298007,Dental x-ray system (physical object),(01)31552115212521(11)240608(17)490623(10)898918393(21)71200
2018-05-21T10:46:25Z,2018-05-21T10:46:25Z,c0a47dee-cc72-29ce-df5a-ea6d306c36a4,c0a47dee-cc72-29ce-4ae8-e3d1eca273f2,706298007,Dental x-ray system (physical object),(01)23677994372948(11)180430(17)430515(10)1164037980(21)1664905027805440683
2018-05-21T11:41:53Z,,c0a47dee-cc72-29ce-df5a-ea6d306c36a4,c0a47dee-cc72-29ce-4ae8-e3d1eca273f2,225738002,Operating room (environment),(01)37142141898018(11)180430(17)430515(10)5166196101898139175(21)343722562887506
2001-01-08T00:31:39Z,,5ba0a3f3-32f7-02b1-ec6a-8f568923954c,5ba0a3f3-32f7-02b1-c3cd-af282b7cdb20,170615005,Home nebulizer (physical object),(01)42520571338580(11)001218(17)260102(10)3109101411012(21)59481500141499
2017-08-30T17:17:59Z,2017-08-30T17:17:59Z,5ba0a3f3-32f7-02b1-ec6a-8f568923954c,5ba0a3f3-32f7-02b1-25f6-614d427bcd64,706298007,Dental x-ray system (physical object),(01)86101175550141(11)170809(17)420824(10)80940(21)4978392810441129342
2017-08-30T18:01:08Z,,5ba0a3f3-32f7-02b1-ec6a-8f568923954c,5ba0a3f3-32f7-02b1-25f6-614d427bcd64,225738002,Operating room (environment),(01)10533328342698(11)170809(17)420824(10)376990(21)87251
2020-12-16T17:09:20Z,2020-12-16T17:09:20Z,5ba0a3f3-32f7-02b1-ec6a-8f568923954c,5ba0a3f3-32f7-02b1-2c24-9e452f3978f9,706298007,Dental x-ray system (physical object),(01)59359597566674(11)201125(17)451210(10)20169447513(21)6041656733
2023-08-23T15:31:39Z,,5ba0a3f3-32f7-02b1-ec6a-8f568923954c,5ba0a3f3-32f7-02b1-8a3f-8aad1288116f,337414009,Blood glucose meter (physical object),(01)72282476268512(11)230802(17)480816(10)85547343512385(21)8929739074207760049
2011-05-10T17:12:50Z,,9661a432-4630-2cd9-142c-386845fae837,9661a432-4630-2cd9-0554-88260b38644b,337414009,Blood glucose meter (physical object),(01)44093897262252(11)110419(17)360503(10)2410865650946648(21)515654786537
2018-07-03T19:16:46Z,2018-07-03T19:16:46Z,9661a432-4630-2cd9-142c-386845fae837,9661a432-4630-2cd9-dbec-9caa62941c3a,706298007,Dental x-ray system (physical object),(01)59931597537781(11)180612(17)430627(10)734137609508(21)8321
2017-05-05T03:00:39Z,2017-05-05T03:00:39Z,922fb35e-148d-9e82-7e65-bfa05e3b3515,922fb35e-148d-9e82-0bc4-bc3b50a085e7,706298007,Dental x-ray system (physical object),(01)25770057836393(11)170414(17)420429(10)245543154(21)159547953
2020-07-14T19:56:08Z,,9661a432-4630-2cd9-142c-386845fae837,9661a432-4630-2cd9-d71f-bb08fdc4d166,225738002,Operating room (environment),(01)31444339267658(11)200623(17)450708(10)651408295111(21)39002747504
2021-08-13T17:41:26Z,2021-08-14T17:41:26Z,9661a432-4630-2cd9-142c-386845fae837,9661a432-4630-2cd9-a039-890c03f5ed2a,228869008,Manual wheelchair (physical object),(01)77876725652450(11)210723(17)460807(10)5484492(21)39259
2022-06-03T02:57:08Z,2022-06-03T05:07:01Z,922fb35e-148d-9e82-7e65-bfa05e3b3515,922fb35e-148d-9e82-91cf-8b7ce6106924,225738002,Operating room (environment),(01)23960258010052(11)220513(17)470528(10)5666380653642924(21)268277949693468
2006-10-28T03:53:24Z,,f95a6723-14a5-c4b6-78df-fa97f7ab361c,f95a6723-14a5-c4b6-231e-181044512cde,337414009,Blood glucose meter (physical object),(01)47895800440267(11)061007(17)311022(10)7053330435721010(21)241745136222
2024-02-17T04:58:43Z,2024-02-17T04:58:43Z,f95a6723-14a5-c4b6-78df-fa97f7ab361c,f95a6723-14a5-c4b6-f9d0-3c6c676a0455,706298007,Dental x-ray system (physical object),(01)57424578865530(11)240127(17)490210(10)424426212260113426(21)7800198549242052
2025-02-22T05:43:08Z,2025-02-22T05:43:08Z,f95a6723-14a5-c4b6-78df-fa97f7ab361c,f95a6723-14a5-c4b6-fdf6-dfd92d803476,706298007,Dental x-ray system (physical object),(01)86149301403200(11)250201(17)500216(10)466414(21)6968294039919736
2025-02-22T06:19:35Z,,f95a6723-14a5-c4b6-78df-fa97f7ab361c,f95a6723-14a5-c4b6-fdf6-dfd92d803476,225738002,Operating room (environment),(01)77398439088289(11)250201(17)500216(10)6591628277(21)3834889738
2025-09-06T06:30:25Z,2025-09-06T09:35:25Z,f95a6723-14a5-c4b6-78df-fa97f7ab361c,f95a6723-14a5-c4b6-0edc-04c2b8b47569,701077002,Respiratory apnea monitoring system (physical object),(01)21553281397629(11)250816(17)500831(10)7130431431609427(21)42237893
2025-09-06T06:30:25Z,2025-09-06T09:35:25Z,f95a6723-14a5-c4b6-78df-fa97f7ab361c,f95a6723-14a5-c4b6-0edc-04c2b8b47569,701100002,Polysomnography analyzer (physical object),(01)45035331009406(11)250816(17)500831(10)34177725227(21)5456415
2025-09-06T09:35:25Z,,f95a6723-14a5-c4b6-78df-fa97f7ab361c,f95a6723-14a5-c4b6-0edc-04c2b8b47569,272265001,Appliance for sleep apnea (physical object),(01)93731286433340(11)250816(17)500831(10)75687(21)38254607031214
2019-10-14T11:28:54Z,2019-10-14T11:28:54Z,7b06ee52-df9a-8487-0be6-dff27cc7d519,7b06ee52-df9a-8487-e44f-3d9298d4447d,706298007,Dental x-ray system (physical object),(01)28476243626535(11)190923(17)441007(10)8248419595(21)617350633186
2017-02-26T21:38:36Z,2017-02-26T21:38:36Z,4aaa0001-3832-cc52-e2f3-47aad08f4284,4aaa0001-3832-cc52-d028-b227555f909b,706298007,Dental x-ray system (physical object),(01)52044586668012(11)170205(17)420220(10)39493086113404665(21)22277600
2019-01-16T03:02:17Z,2019-01-16T03:02:17Z,b6a1cac9-8873-36a7-e726-4aad8a07d44d,b6a1cac9-8873-36a7-500c-cda49405ff12,706298007,Dental x-ray system (physical object),(01)62123364843556(11)181226(17)440110(10)8743704454458(21)13455
2021-03-28T22:24:58Z,2021-03-28T22:24:58Z,4aaa0001-3832-cc52-e2f3-47aad08f4284,4aaa0001-3832-cc52-5986-0288bb638bdc,706298007,Dental x-ray system (physical object),(01)55506128163407(11)210307(17)460322(10)11591(21)2264364467972061
2023-04-09T22:39:11Z,,4aaa0001-3832-cc52-e2f3-47aad08f4284,4aaa0001-3832-cc52-739d-2d880c8ca25f,225738002,Operating room (environment),(01)88143231639847(11)230319(17)480402(10)87036(21)169107646766791116
2018-02-21T09:44:08Z,2018-02-21T09:44:08Z,f32a088b-988b-d7d5-008b-89ea4ed1fc48,f32a088b-988b-d7d5-6792-aeaf7054c3a8,706298007,Dental x-ray system (physical object),(01)52787421094855(11)180131(17)430215(10)63918802874(21)146723899763271
2018-02-21T10:22:30Z,,f32a088b-988b-d7d5-008b-89ea4ed1fc48,f32a088b-988b-d7d5-6792-aeaf7054c3a8,225738002,Operating room (environment),(01)80493559876136(11)180131(17)430215(10)4359368237476509(21)47712
2018-09-19T10:23:15Z,2018-09-19T10:23:15Z,f32a088b-988b-d7d5-008b-89ea4ed1fc48,f32a088b-988b-d7d5-e973-cd4970727d6a,706298007,Dental x-ray system (physical object),(01)86116622962333(11)180829(17)430913(10)287024536668(21)29638137120
2019-09-25T11:02:47Z,,f32a088b-988b-d7d5-008b-89ea4ed1fc48,f32a088b-988b-d7d5-dac8-3aec475c8c96,225738002,Operating room (environment),(01)90805689385984(11)190904(17)440918(10)911847832(21)8981223593006
2020-09-30T10:30:54Z,2020-09-30T10:30:54Z,f32a088b-988b-d7d5-008b-89ea4ed1fc48,f32a088b-988b-d7d5-2749-5a096c462f9c,706298007,Dental x-ray system (physical object),(01)41992470934481(11)200909(17)450924(10)67279448701(21)8548
2020-09-30T11:02:58Z,,f32a088b-988b-d7d5-008b-89ea4ed1fc48,f32a088b-988b-d7d5-2749-5a096c462f9c,225738002,Operating room (environment),(01)39910070664754(11)200909(17)450924(10)3812277591(21)2777864400208493
2024-07-14T08:59:10Z,2024-09-02T09:26:15Z,f32a088b-988b-d7d5-008b-89ea4ed1fc48,f32a088b-988b-d7d5-b730-219c2c242bd0,705427004,Power-assisted wheelchair (physical object),(01)54183435608065(11)240623(17)490708(10)4726250700(21)28394031020
2024-07-14T08:59:10Z,2024-09-02T09:26:15Z,f32a088b-988b-d7d5-008b-89ea4ed1fc48,f32a088b-988b-d7d5-b730-219c2c242bd0,705417005,Wheelchair accessory (physical object),(01)80227806243650(11)240623(17)490708(10)1713521047(21)59466150061355
2024-05-27T11:41:36Z,2024-08-12T12:07:13Z,d20bc0bc-3051-ae6f-f391-ceec7ec0370f,d20bc0bc-3051-ae6f-c7bc-e7b9d64e2508,74566002,Crutch  device (physical object),(01)73629182792168(11)240506(17)490521(10)342409499817(21)32803923500
2024-07-03T13:50:00Z,2024-07-03T13:50:00Z,d20bc0bc-3051-ae6f-f391-ceec7ec0370f,d20bc0bc-3051-ae6f-2e6b-21c620dec354,706298007,Dental x-ray system (physical object),(01)26273708621980(11)240612(17)490627(10)90922589962399334(21)283460
2024-07-03T14:24:31Z,,d20bc0bc-3051-ae6f-f391-ceec7ec0370f,d20bc0bc-3051-ae6f-2e6b-21c620dec354,225738002,Operating room (environment),(01)45495397896052(11)240612(17)490627(10)1246031724(21)11710663818778274
2025-05-14T13:44:15Z,2025-05-14T13:44:15Z,d20bc0bc-3051-ae6f-f391-ceec7ec0370f,d20bc0bc-3051-ae6f-5bf5-7a7ed17c7f80,706298007,Dental x-ray system (physical object),(01)30413625871567(11)250423(17)500508(10)9810885267398357(21)66854394
1995-04-18T22:22:55Z,,080b069b-5108-46b6-ecef-6aacd3b9ef3f,080b069b-5108-46b6-9e65-3ee8ecc5ec5b,337414009,Blood glucose meter (physical object),(01)34442338647132(11)950328(17)200411(10)8126279106(21)51930103
2018-01-11T12:44:56Z,2018-01-11T12:44:56Z,5c39a9da-6fb0-3cbb-0181-add875529d46,5c39a9da-6fb0-3cbb-25c7-d75f3aa15704,706298007,Dental x-ray system (physical object),(01)17378992831320(11)171221(17)430105(10)8907316601352(21)3222
2019-04-04T13:15:44Z,2019-04-04T13:15:44Z,5c39a9da-6fb0-3cbb-0181-add875529d46,5c39a9da-6fb0-3cbb-447c-8cb8ab209eca,706298007,Dental x-ray system (physical object),(01)87223163297135(11)190314(17)440328(10)705395969288675(21)609154932292590
2019-12-25T00:10:10Z,2019-12-25T00:10:10Z,080b069b-5108-46b6-ecef-6aacd3b9ef3f,080b069b-5108-46b6-101f-16fedce2c782,706298007,Dental x-ray system (physical object),(01)14483789996153(11)191204(17)441218(10)3328658(21)5073941325081848
2020-02-12T00:45:54Z,2020-02-12T00:45:54Z,080b069b-5108-46b6-ecef-6aacd3b9ef3f,080b069b-5108-46b6-edb0-161cb81647f2,706298007,Dental x-ray system (physical object),(01)31180881417512(11)200122(17)450205(10)57223967469546(21)58403850590416
2020-02-12T01:18:01Z,,080b069b-5108-46b6-ecef-6aacd3b9ef3f,080b069b-5108-46b6-edb0-161cb81647f2,225738002,Operating room (environment),(01)88035166953116(11)200122(17)450205(10)2375(21)2007
1961-12-29T17:51:43Z,,f999ef25-a612-87c9-206f-aacc9d469dc8,f999ef25-a612-87c9-9388-1fc07aa9ba34,337414009,Blood glucose meter (physical object),(01)45932423965580(11)611208(17)861223(10)10323250786(21)21223811955937
1974-04-12T18:32:17Z,,f999ef25-a612-87c9-206f-aacc9d469dc8,f999ef25-a612-87c9-bff7-c9062a5dad3f,706298007,Dental x-ray system (physical object),(01)51476470534298(11)740322(17)990406(10)317283342342668716(21)184955049264
2007-07-19T03:59:29Z,,6aed9210-c500-4375-b0fc-3374c40b8591,6aed9210-c500-4375-8da3-8ff2cc018ffe,337414009,Blood glucose meter (physical object),(01)85388622964658(11)070628(17)320712(10)9067890086204(21)3446390206431
2010-05-29T17:51:43Z,2010-06-17T17:51:43Z,f999ef25-a612-87c9-206f-aacc9d469dc8,f999ef25-a612-87c9-2b73-609a6994a6a8,228869008,Manual wheelchair (physical object),(01)87878670541996(11)100508(17)350523(10)3389301012966(21)1321895778
2021-08-26T06:19:10Z,2021-08-26T06:19:10Z,6aed9210-c500-4375-b0fc-3374c40b8591,6aed9210-c500-4375-a274-e87c93b69901,706298007,Dental x-ray system (physical object),(01)72367897663724(11)210805(17)460820(10)1020692283(21)54077
2021-08-26T06:19:10Z,2021-08-26T07:39:06Z,6aed9210-c500-4375-b0fc-3374c40b8591,6aed9210-c500-4375-a274-e87c93b69901,225738002,Operating room (environment),(01)46787703545386(11)210805(17)460820(10)284129209469(21)39377842294348
2022-09-01T06:16:20Z,2022-09-01T06:16:20Z,6aed9210-c500-4375-b0fc-3374c40b8591,6aed9210-c500-4375-3e9c-c9060829a7da,706298007,Dental x-ray system (physical object),(01)57541700723259(11)220811(17)470826(10)362038724793368075(21)687550388192699120
2012-10-19T19:27:48Z,2012-10-19T19:27:48Z,f999ef25-a612-87c9-206f-aacc9d469dc8,f999ef25-a612-87c9-9b91-6bcb28a4233a,706298007,Dental x-ray system (physical object),(01)39106210144068(11)120928(17)371013(10)171536729864209892(21)6101238716161028
2013-12-20T19:48:38Z,2013-12-20T19:48:38Z,f999ef25-a612-87c9-206f-aacc9d469dc8,f999ef25-a612-87c9-0c56-7eba26a91c09,706298007,Dental x-ray system (physical object),(01)11936232148772(11)131129(17)381214(10)5334995311(21)8737897993722615190
2018-03-07T18:50:30Z,2018-03-07T18:50:30Z,79021b82-f370-50bb-c5a1-7333816d683f,79021b82-f370-50bb-c4a4-8f42cb3eea9d,706298007,Dental x-ray system (physical object),(01)67453163540317(11)180214(17)430301(10)3479794671891(21)5405445088
2016-07-01T01:39:33Z,,f999ef25-a612-87c9-206f-aacc9d469dc8,f999ef25-a612-87c9-902a-ecf89c8ef7f9,706298007,Dental x-ray system (physical object),(01)32207572713357(11)160610(17)410625(10)11927676057(21)67392553
2016-07-15T02:25:00Z,,f999ef25-a612-87c9-206f-aacc9d469dc8,f999ef25-a612-87c9-a5fa-6ffbffca6ab5,8060009,Denture  device (physical object),(01)88850918440187(11)160624(17)410709(10)72276043(21)19431194127656423
2020-03-18T19:17:23Z,2020-03-18T19:17:23Z,79021b82-f370-50bb-c5a1-7333816d683f,79021b82-f370-50bb-8650-94d6b2ea7a5a,706298007,Dental x-ray system (physical object),(01)72556429163964(11)200226(17)450312(10)5125471(21)40312547903848839
2022-03-30T19:15:24Z,2022-03-30T19:15:24Z,79021b82-f370-50bb-c5a1-7333816d683f,79021b82-f370-50bb-0677-a7e7fc2bbdee,706298007,Dental x-ray system (physical object),(01)55662456925949(11)220309(17)470324(10)760523(21)47036
2023-04-05T19:50:35Z,2023-04-05T19:50:35Z,79021b82-f370-50bb-c5a1-7333816d683f,79021b82-f370-50bb-b221-3ff09cb23735,706298007,Dental x-ray system (physical object),(01)53680459315077(11)230315(17)480329(10)229898298870572243(21)40338
2018-02-09T19:30:39Z,2018-02-09T20:50:02Z,f999ef25-a612-87c9-206f-aacc9d469dc8,f999ef25-a612-87c9-8427-720246f9c210,225738002,Operating room (environment),(01)20550860845368(11)180119(17)430203(10)4519111(21)247509760413
2026-04-29T19:24:34Z,2026-04-29T19:24:34Z,79021b82-f370-50bb-c5a1-7333816d683f,79021b82-f370-50bb-1af3-0d345e45b859,706298007,Dental x-ray system (physical object),(01)92163093951655(11)260408(17)510423(10)128867198890265885(21)9650431103872800
2026-08-06T15:23:05Z,2026-08-06T15:23:05Z,6f45f2e9-a617-570a-8867-dec1260088bb,6f45f2e9-a617-570a-6959-0318593324da,706298007,Dental x-ray system (physical object),(01)89585445207226(11)260716(17)510731(10)2551598162(21)917708448048283
2026-08-06T16:06:26Z,,6f45f2e9-a617-570a-8867-dec1260088bb,6f45f2e9-a617-570a-6959-0318593324da,225738002,Operating room (environment),(01)87447027552301(11)260716(17)510731(10)7671761(21)410336515
2017-04-02T19:33:55Z,2017-04-02T19:33:55Z,26aa011e-0d75-d1a3-3c5a-560a9450cc9d,26aa011e-0d75-d1a3-6ac5-597cc4a0890a,706298007,Dental x-ray system (physical object),(01)91889000033961(11)170312(17)420327(10)632025019(21)594801
1999-05-30T04:54:20Z,,a2fb233f-60e0-b477-cd38-af3923f792a3,a2fb233f-60e0-b477-28ce-bb90776f9ff8,337414009,Blood glucose meter (physical object),(01)32590973498617(11)990509(17)240523(10)356045(21)20955
2022-03-05T17:07:18Z,2022-03-21T17:07:18Z,26aa011e-0d75-d1a3-3c5a-560a9450cc9d,26aa011e-0d75-d1a3-a4e6-b95682d18c06,228869008,Manual wheelchair (physical object),(01)35687609452102(11)220212(17)470227(10)4996599003646522(21)938494917
2018-04-29T06:59:15Z,2018-04-29T06:59:15Z,a2fb233f-60e0-b477-cd38-af3923f792a3,a2fb233f-60e0-b477-f0ad-45f6fdf2d1cf,706298007,Dental x-ray system (physical object),(01)72754157060992(11)180408(17)430423(10)6122942148318(21)276514215680742314
2023-05-14T18:55:03Z,2023-05-14T18:55:03Z,26aa011e-0d75-d1a3-3c5a-560a9450cc9d,26aa011e-0d75-d1a3-842f-10d2e661e158,706298007,Dental x-ray system (physical object),(01)13843958850070(11)230423(17)480507(10)796976612140(21)6399731671
2014-12-26T21:30:01Z,,75d6a35c-c2e1-5b9f-e7f8-6a5b05af8fc8,75d6a35c-c2e1-5b9f-e4d6-693d1035b5be,170615005,Home nebulizer (physical object),(01)39195079399569(11)141205(17)391220(10)85672(21)49382744013842
2019-01-25T23:40:21Z,2019-01-25T23:40:21Z,75d6a35c-c2e1-5b9f-e7f8-6a5b05af8fc8,75d6a35c-c2e1-5b9f-3398-acba479b7d21,706298007,Dental x-ray system (physical object),(01)57409881072813(11)190105(17)440120(10)15181660(21)5662969790960
2020-01-31T23:18:00Z,2020-01-31T23:18:00Z,75d6a35c-c2e1-5b9f-e7f8-6a5b05af8fc8,75d6a35c-c2e1-5b9f-40a7-dcd718e11e58,706298007,Dental x-ray system (physical object),(01)45679013800825(11)200111(17)450125(10)48738(21)838080013187606
2024-02-23T23:39:15Z,2024-02-24T01:59:20Z,75d6a35c-c2e1-5b9f-e7f8-6a5b05af8fc8,75d6a35c-c2e1-5b9f-8289-8cf774c096c3,225738002,Operating room (environment),(01)91268809786473(11)240203(17)490217(10)33506776(21)28037379067
2025-03-07T23:07:02Z,2025-03-07T23:07:02Z,75d6a35c-c2e1-5b9f-e7f8-6a5b05af8fc8,75d6a35c-c2e1-5b9f-04aa-8b9db6f2ee12,706298007,Dental x-ray system (physical object),(01)40102133423350(11)250215(17)500302(10)6973973345072(21)914131436778203119
2026-06-14T06:28:11Z,2026-06-14T06:28:11Z,a2fb233f-60e0-b477-cd38-af3923f792a3,a2fb233f-60e0-b477-da1e-35c2b96cf8c9,706298007,Dental x-ray system (physical object),(01)38455959854835(11)260524(17)510608(10)78564(21)9954
2026-03-13T23:42:27Z,2026-03-13T23:42:27Z,75d6a35c-c2e1-5b9f-e7f8-6a5b05af8fc8,75d6a35c-c2e1-5b9f-00a5-a6ef18a295f8,706298007,Dental x-ray system (physical object),(01)41292813884196(11)260221(17)510308(10)58080(21)44125757946
1995-10-08T11:00:02Z,,5e7ebf2c-22ec-a89b-53ab-38edddd81be9,5e7ebf2c-22ec-a89b-dea2-7841241438fd,337414009,Blood glucose meter (physical object),(01)44448801209988(11)950917(17)201001(10)2225(21)5566028815443098
2021-06-06T14:14:05Z,,5e7ebf2c-22ec-a89b-53ab-38edddd81be9,5e7ebf2c-22ec-a89b-b15d-00ef63aa0df8,225738002,Operating room (environment),(01)15102977300519(11)210516(17)460531(10)124130556174910137(21)64491137672178121
2021-09-12T13:04:08Z,2021-09-12T13:04:08Z,5e7ebf2c-22ec-a89b-53ab-38edddd81be9,5e7ebf2c-22ec-a89b-dcd3-599f1b7abf74,706298007,Dental x-ray system (physical object),(01)37434350542441(11)210822(17)460906(10)28141647396(21)8305410
2023-08-20T13:04:09Z,2023-08-20T13:04:09Z,5e7ebf2c-22ec-a89b-53ab-38edddd81be9,5e7ebf2c-22ec-a89b-4721-dc6db576b798,706298007,Dental x-ray system (physical object),(01)78225029776105(11)230730(17)480813(10)30683952636692(21)541329484825311
2024-08-04T12:53:20Z,2024-08-04T12:53:20Z,5e7ebf2c-22ec-a89b-53ab-38edddd81be9,5e7ebf2c-22ec-a89b-cf02-983b5e0d4ca2,706298007,Dental x-ray system (physical object),(01)34753215509694(11)240714(17)490729(10)542029291191499(21)6905820660131388
2024-09-01T13:29:10Z,,5e7ebf2c-22ec-a89b-53ab-38edddd81be9,5e7ebf2c-22ec-a89b-49a5-701069d28333,225738002,Operating room (environment),(01)52680037396127(11)240811(17)490826(10)2684(21)900070024237324614
2016-06-28T11:19:36Z,,47d390c6-a1a2-1a80-dd1d-9722c7b24159,47d390c6-a1a2-1a80-7a45-2908db4de59b,170615005,Home nebulizer (physical object),(01)32084831697650(11)160607(17)410622(10)25407308314(21)33167275368290
2017-03-11T12:18:03Z,2017-03-11T12:18:03Z,47d390c6-a1a2-1a80-dd1d-9722c7b24159,47d390c6-a1a2-1a80-5594-d4dd78c0d811,706298007,Dental x-ray system (physical object),(01)62175709448642(11)170218(17)420305(10)56682376353(21)3164090175897
2019-03-23T13:03:10Z,2019-03-23T13:03:10Z,47d390c6-a1a2-1a80-dd1d-9722c7b24159,47d390c6-a1a2-1a80-ecdd-af02b40a93f5,706298007,Dental x-ray system (physical object),(01)57304748169119(11)190302(17)440316(10)2030437816205(21)12197207693
2019-03-23T13:55:01Z,,47d390c6-a1a2-1a80-dd1d-9722c7b24159,47d390c6-a1a2-1a80-ecdd-af02b40a93f5,225738002,Operating room (environment),(01)38944113263588(11)190302(17)440316(10)92005489800(21)623167842
2020-03-28T11:57:20Z,2020-03-28T11:57:20Z,47d390c6-a1a2-1a80-dd1d-9722c7b24159,47d390c6-a1a2-1a80-60b2-612077da1275,706298007,Dental x-ray system (physical object),(01)21394097502333(11)200307(17)450322(10)633830544060(21)16331553
2020-03-28T12:34:57Z,,47d390c6-a1a2-1a80-dd1d-9722c7b24159,47d390c6-a1a2-1a80-60b2-612077da1275,225738002,Operating room (environment),(01)82741813980647(11)200307(17)450322(10)16571974698391(21)490032
2021-04-10T12:28:24Z,2021-04-10T12:28:24Z,47d390c6-a1a2-1a80-dd1d-9722c7b24159,47d390c6-a1a2-1a80-03ce-1d07eee40a57,706298007,Dental x-ray system (physical object),(01)11187454857927(11)210320(17)460404(10)612858220044(21)39070390930948
2021-04-10T12:59:09Z,,47d390c6-a1a2-1a80-dd1d-9722c7b24159,47d390c6-a1a2-1a80-03ce-1d07eee40a57,225738002,Operating room (environment),(01)65290752176556(11)210320(17)460404(10)24387805516039(21)1625033883175
2023-04-22T12:38:58Z,2023-04-22T12:38:58Z,47d390c6-a1a2-1a80-dd1d-9722c7b24159,47d390c6-a1a2-1a80-c45d-1b56aff7975a,706298007,Dental x-ray system (physical object),(01)40475153359035(11)230401(17)480415(10)50174009605071(21)179975099479
2023-04-22T13:26:17Z,,47d390c6-a1a2-1a80-dd1d-9722c7b24159,47d390c6-a1a2-1a80-c45d-1b56aff7975a,225738002,Operating room (environment),(01)79372969866557(11)230401(17)480415(10)8454546(21)241532578174381944
2024-04-27T12:06:49Z,2024-04-27T12:06:49Z,47d390c6-a1a2-1a80-dd1d-9722c7b24159,47d390c6-a1a2-1a80-a2eb-52333621e4c9,706298007,Dental x-ray system (physical object),(01)85431557495625(11)240406(17)490421(10)81611356071021008(21)216973
2025-05-03T12:46:45Z,2025-05-03T12:46:45Z,47d390c6-a1a2-1a80-dd1d-9722c7b24159,47d390c6-a1a2-1a80-b332-ec9e35425a5c,706298007,Dental x-ray system (physical object),(01)29191052806864(11)250412(17)500427(10)420189061(21)24275239265835
2004-10-03T13:49:24Z,,d3cb6736-0991-40ed-a220-7c714aba4c37,d3cb6736-0991-40ed-1012-b70d3ae5380a,337414009,Blood glucose meter (physical object),(01)84873711688709(11)040912(17)290927(10)6683446(21)17176953
2019-05-12T15:40:17Z,2019-05-12T15:40:17Z,d3cb6736-0991-40ed-a220-7c714aba4c37,d3cb6736-0991-40ed-c7c4-a3c1d87709f7,706298007,Dental x-ray system (physical object),(01)40115498588973(11)190421(17)440505(10)6802327335(21)915562795323
1987-09-21T03:06:00Z,,d57841fa-c9e2-a3d1-0e78-09bdbe4eed66,d57841fa-c9e2-a3d1-6e37-36fccf982c7f,337414009,Blood glucose meter (physical object),(01)31512224570259(11)870831(17)120914(10)106794(21)85843724
2015-04-09T22:25:10Z,,2de4dd0d-f665-8a2e-4c6b-997735e14ace,2de4dd0d-f665-8a2e-11bf-86f0886b4595,170615005,Home nebulizer (physical object),(01)21081720208715(11)150319(17)400402(10)3645112(21)700008537240045
2024-08-25T15:51:42Z,2024-08-25T15:51:42Z,d3cb6736-0991-40ed-a220-7c714aba4c37,d3cb6736-0991-40ed-e6c7-99b4773cbc7c,706298007,Dental x-ray system (physical object),(01)52290522574576(11)240804(17)490819(10)346459097437599801(21)1213965
2020-12-26T22:05:26Z,2020-12-26T22:05:26Z,2de4dd0d-f665-8a2e-4c6b-997735e14ace,2de4dd0d-f665-8a2e-c8db-a995f81118ce,706298007,Dental x-ray system (physical object),(01)88029428842011(11)201205(17)451220(10)5988(21)2881822804916
2020-08-31T04:55:34Z,2020-08-31T04:55:34Z,d57841fa-c9e2-a3d1-0e78-09bdbe4eed66,d57841fa-c9e2-a3d1-365e-42d0460e38d3,706298007,Dental x-ray system (physical object),(01)41197255327908(11)200810(17)450825(10)678127101(21)7772074634472
2021-09-06T04:51:18Z,2021-09-06T04:51:18Z,d57841fa-c9e2-a3d1-0e78-09bdbe4eed66,d57841fa-c9e2-a3d1-ee76-08f37b3b27d1,706298007,Dental x-ray system (physical object),(01)37752552649224(11)210816(17)460831(10)5720174(21)477967273289342786
2025-09-29T05:41:08Z,,d57841fa-c9e2-a3d1-0e78-09bdbe4eed66,d57841fa-c9e2-a3d1-7d59-a7f128ee661b,225738002,Operating room (environment),(01)69258689321791(11)250908(17)500923(10)5994715476087(21)65990347358
2016-12-30T20:42:29Z,2016-12-30T20:42:29Z,7c913488-8c54-7aa0-a452-83dbc3ad8377,7c913488-8c54-7aa0-0846-4bd41a79bfc5,706298007,Dental x-ray system (physical object),(01)49262403563722(11)161209(17)411224(10)883537554(21)2981301220018883
2016-12-30T21:29:06Z,,7c913488-8c54-7aa0-a452-83dbc3ad8377,7c913488-8c54-7aa0-0846-4bd41a79bfc5,225738002,Operating room (environment),(01)51892661158219(11)161209(17)411224(10)2336183938558(21)605110
1990-06-26T04:13:59Z,,7811dc30-8c86-8164-6c33-6b6f464745ef,7811dc30-8c86-8164-c647-4e074db24bbd,337414009,Blood glucose meter (physical object),(01)47775817868726(11)900605(17)150620(10)8121271586317(21)525960517148
2018-06-18T09:20:41Z,2018-06-18T09:20:41Z,dd9da64b-7b38-4f91-e75d-b1268dde60d4,dd9da64b-7b38-4f91-60fe-55c1e73e48f5,706298007,Dental x-ray system (physical object),(01)27467648099778(11)180528(17)430612(10)44295750346930(21)69868263
2018-06-18T09:57:28Z,,dd9da64b-7b38-4f91-e75d-b1268dde60d4,dd9da64b-7b38-4f91-60fe-55c1e73e48f5,225738002,Operating room (environment),(01)99797099178100(11)180528(17)430612(10)45264539(21)53051616662824
2017-01-03T06:53:25Z,,7811dc30-8c86-8164-6c33-6b6f464745ef,7811dc30-8c86-8164-e90d-9ac93500ea31,225738002,Operating room (environment),(01)10485800766648(11)161213(17)411228(10)65545058240049(21)73464
2019-06-24T09:57:12Z,2019-06-24T09:57:12Z,dd9da64b-7b38-4f91-e75d-b1268dde60d4,dd9da64b-7b38-4f91-56c5-39cd2225672b,706298007,Dental x-ray system (physical object),(01)48369390284720(11)190603(17)440617(10)17654691208131(21)73692386033666
2019-06-24T09:57:12Z,2019-06-24T11:12:30Z,dd9da64b-7b38-4f91-e75d-b1268dde60d4,dd9da64b-7b38-4f91-56c5-39cd2225672b,225738002,Operating room (environment),(01)72102729742187(11)190603(17)440617(10)86897415(21)14867528247740813
2019-04-16T05:53:56Z,2019-04-16T05:53:56Z,7811dc30-8c86-8164-6c33-6b6f464745ef,7811dc30-8c86-8164-30e0-24a2bfd733b0,706298007,Dental x-ray system (physical object),(01)42441714295170(11)190326(17)440409(10)12523(21)71907202991555972
2019-05-14T05:47:16Z,2019-05-14T05:47:16Z,7811dc30-8c86-8164-6c33-6b6f464745ef,7811dc30-8c86-8164-a603-410b5bc2ae66,706298007,Dental x-ray system (physical object),(01)90755652230958(11)190423(17)440507(10)12654794(21)22849
2023-07-03T07:34:19Z,,dd9da64b-7b38-4f91-e75d-b1268dde60d4,dd9da64b-7b38-4f91-5d7c-68ff7c49c98e,337414009,Blood glucose meter (physical object),(01)45142119696496(11)230612(17)480626(10)43062800085807(21)85798894
2019-12-24T06:32:23Z,2019-12-24T06:32:23Z,7811dc30-8c86-8164-6c33-6b6f464745ef,7811dc30-8c86-8164-6a98-aee1af5fe725,706298007,Dental x-ray system (physical object),(01)30474288150977(11)191203(17)441217(10)33771071102(21)7104
2023-07-17T09:53:04Z,2023-07-17T09:53:04Z,dd9da64b-7b38-4f91-e75d-b1268dde60d4,dd9da64b-7b38-4f91-fbe5-026fd924eaf0,706298007,Dental x-ray system (physical object),(01)52693394109579(11)230626(17)480710(10)8798449(21)43411881
2024-07-22T09:20:45Z,2024-07-22T09:20:45Z,dd9da64b-7b38-4f91-e75d-b1268dde60d4,dd9da64b-7b38-4f91-dada-f39dd9311bb7,706298007,Dental x-ray system (physical object),(01)66187207323526(11)240701(17)490716(10)416938907(21)3618660404663194
2024-07-22T10:18:36Z,,dd9da64b-7b38-4f91-e75d-b1268dde60d4,dd9da64b-7b38-4f91-dada-f39dd9311bb7,225738002,Operating room (environment),(01)79085039205450(11)240701(17)490716(10)2507372(21)4181688665492372
2022-01-04T05:55:35Z,2022-01-04T05:55:35Z,7811dc30-8c86-8164-6c33-6b6f464745ef,7811dc30-8c86-8164-5ac6-f3fbdc622548,706298007,Dental x-ray system (physical object),(01)34328800130427(11)211214(17)461229(10)340540(21)611456244902473
2023-07-07T04:54:02Z,2023-08-20T05:21:32Z,7811dc30-8c86-8164-6c33-6b6f464745ef,7811dc30-8c86-8164-01bf-11274617fedc,705427004,Power-assisted wheelchair (physical object),(01)89548023385068(11)230616(17)480630(10)90886240844862(21)1981788537201061774
2023-07-07T04:54:02Z,2023-08-20T05:21:32Z,7811dc30-8c86-8164-6c33-6b6f464745ef,7811dc30-8c86-8164-01bf-11274617fedc,705417005,Wheelchair accessory (physical object),(01)40254544606369(11)230616(17)480630(10)581787764067433(21)310374
2017-03-24T03:44:36Z,,322ab5c6-5846-ac1e-38cc-48b8cb441e20,322ab5c6-5846-ac1e-1dcc-98555b4d9372,225738002,Operating room (environment),(01)23685910099621(11)170303(17)420318(10)273494388407062(21)667027
2024-01-16T06:46:06Z,2024-01-16T06:46:06Z,7811dc30-8c86-8164-6c33-6b6f464745ef,7811dc30-8c86-8164-e41f-911d3b017fb6,706298007,Dental x-ray system (physical object),(01)47018885774450(11)231226(17)490109(10)8408412549049(21)6452
2020-04-10T02:24:43Z,2020-04-10T02:24:43Z,322ab5c6-5846-ac1e-38cc-48b8cb441e20,322ab5c6-5846-ac1e-f17d-6fca37ea0a84,706298007,Dental x-ray system (physical object),(01)71887092428324(11)200320(17)450404(10)47747(21)77919143469
2026-01-27T06:19:52Z,2026-01-27T06:19:52Z,7811dc30-8c86-8164-6c33-6b6f464745ef,7811dc30-8c86-8164-d72f-9a9a1eb73842,706298007,Dental x-ray system (physical object),(01)46146388948071(11)260106(17)510121(10)59735793740929(21)2890070375515
1971-10-08T17:51:43Z,,05cc86a0-2d98-b046-790a-211fd9e1ea92,05cc86a0-2d98-b046-918d-f3df86eaf8c1,337414009,Blood glucose meter (physical object),(01)42674944431972(11)710917(17)961001(10)3099901375921047655(21)5345
1976-10-01T17:51:43Z,,05cc86a0-2d98-b046-790a-211fd9e1ea92,05cc86a0-2d98-b046-b6ee-54c0f7ff6b4f,1255320005,Wheeled walker (physical object),(01)59112740558205(11)760910(17)010925(10)5341472(21)821419334866245
2017-06-02T20:46:48Z,,05cc86a0-2d98-b046-790a-211fd9e1ea92,05cc86a0-2d98-b046-fb31-4616f7ce552c,225738002,Operating room (environment),(01)26368149953126(11)170512(17)420527(10)5400283981779(21)8728150461150760
2019-01-11T18:17:45Z,2019-03-15T18:17:45Z,05cc86a0-2d98-b046-790a-211fd9e1ea92,05cc86a0-2d98-b046-7ecf-273cb7312409,228869008,Manual wheelchair (physical object),(01)88127839247343(11)181221(17)440105(10)367430223326247043(21)8378824413623068
2019-06-14T19:49:14Z,2019-06-14T19:49:14Z,05cc86a0-2d98-b046-790a-211fd9e1ea92,05cc86a0-2d98-b046-fd53-eae136aec269,706298007,Dental x-ray system (physical object),(01)35428147744517(11)190524(17)440607(10)653884579557114(21)7956488331547429
2019-06-14T20:22:20Z,,05cc86a0-2d98-b046-790a-211fd9e1ea92,05cc86a0-2d98-b046-fd53-eae136aec269,225738002,Operating room (environment),(01)23655196051398(11)190524(17)440607(10)16283453204366880(21)423917562370
2019-11-22T21:09:33Z,,05cc86a0-2d98-b046-790a-211fd9e1ea92,05cc86a0-2d98-b046-469f-874785d433c3,225738002,Operating room (environment),(01)35151424870867(11)191101(17)441115(10)39185196194(21)3137507120551614
2020-06-16T19:47:45Z,2020-07-01T19:47:45Z,05cc86a0-2d98-b046-790a-211fd9e1ea92,05cc86a0-2d98-b046-4ac1-34e19936f376,228869008,Manual wheelchair (physical object),(01)22443716844153(11)200526(17)450610(10)487522451(21)656631761132869
2022-07-01T19:56:08Z,2022-07-01T19:56:08Z,05cc86a0-2d98-b046-790a-211fd9e1ea92,05cc86a0-2d98-b046-6f9f-c8c688262396,706298007,Dental x-ray system (physical object),(01)55214349231788(11)220610(17)470625(10)845031(21)760659289
