Id,NAME,ADDRESS,CITY,STATE,ZIP,LAT,LON,PHONE,REVENUE,UTILIZATION,NPI
74ab949d-17ac-3309-83a0-13b4405c66aa,Fitchburg Outpatient Clinic,881 Main Street,Fitchburg,MA,01420,42.586487,-71.80521,978-342-9781 Or 978-342-9781,0.0,88,8888887345
e09d4c49-c2ef-3b0f-9a46-3719d9219306,UMASS MEMORIAL HEALTHALLIANCE CLINTON HOSPITAL INC,60 HOSPITAL RD,LEOMINSTER,MA,014533290,42.54031915,-71.76312990486304,9784662000,0.0,6,1013995133
c241b977-4131-32e4-9957-e0a00b2a1e5f,DUFFY HEALTH CENTER,94 MAIN STREET,HYANNIS,MA,026013146,41.6562802,-70.27448000204822,5087719599,0.0,2,1588616742
ef5390b4-cba5-3d83-96db-af783a7adb43,MERRIMACK VALLEY HOSPICE INC,360 MERRIMACK ST,MALDEN,MA,021482329,42.4250964,-71.066163,9785524000,0.0,1,1356338529
77645e49-3f69-3d1d-bb93-dc65210e2fac,SOUTHCOAST HOSPITALS GROUP INC,363 HIGHLAND AVE,FALL RIVER,MA,027205246,41.7093779,-71.1460783680883,5086793131,0.0,11,1306871223
ab701a70-a658-340e-8f69-ee196a7d40c6,CAREWELL URGENT CARE CENTERS OF MA  PC,484 RTE 134,WORCESTER,MA,016071728,42.2625621,-71.8018877,5086947901,0.0,6,1740543214
11ba6a26-59b4-3728-a268-6dc9929962b4,COURTYARD NURSING CARE CENTER,200 GOVERNORS AVENUE,MEDFORD,MA,021551644,42.42711615,-71.1121606632448,7813915400,0.0,15,1033164272
fa564970-fde4-332c-91d9-c0747b032d3e,RIVERBEND OF SOUTH NATICK,34 SOUTH LINCOLN STREET,NATICK,MA,017606049,42.2731232,-71.3105334275248,5086538330,0.0,12,1558422352
f945589f-88aa-366b-9e9d-2418d091112d,CENTER FOR DIGESTIVE WELLNESS PC,105 ERDMAN WAY,LEOMINSTER,MA,014531805,42.54685255,-71.75737313871981,9785377552,0.0,22,1346679867
7f08f09e-c5f7-38cd-83ba-ddafedd88a13,VERO HEALTH XVII  LLC,133 SALEM ST,REVERE,MA,021511114,42.43833805,-71.01730877599738,7813224861,0.0,2,1790317550
5fcff9db-16e4-3e56-aa78-abbc16338097,THE LOWELL GENERAL HOSPITAL,295 VARNUM AVE,WESTFORD,MA,018863513,42.5792583,-71.4378411,9789376000,0.0,167,1407804669
1ddd51d1-7297-3c3b-bad5-98aecd5e4a79,BAYADA HOME HEALTH CARE  INC,127 CAMBRIDGE STREET  SUTIE #2B,BURLINGTON,MA,018033735,42.50188325,-71.19559351572005,6174721333,0.0,10,1285673194
b66db758-a205-3227-9cfb-bf19d2c1962d,ART OF CARE INC,121 HARVARD AVENUE  2ND FL,ALLSTON,MA,021342702,42.35241825,-71.13220132573996,6177877799,0.0,3,1255380051
e49b692f-cccc-3cd5-93df-6db63dfc3e4a,QUINCY CENTER PRIMARY CARE PC,1250 HANCOCK ST STE 104N,QUINCY,MA,02169,42.2517569,-71.0033967,6173283998,0.0,15,1588864763
609ec9f1-e806-3427-b912-9e3b2915521d,HOLYOKE VISITING NURSE ASSOC,575 BEECH STREET,HOLYOKE,MA,010406604,42.20105435,-72.628169560868,4135345691,0.0,23,1700871092
bf556284-7513-3620-a10e-5393183a9a87,STEWARD ST. ANNES HOSPITAL CORPORATION,795 MIDDLE ST,FALL RIVER,MA,027211733,41.6924092,-71.16345107025307,5086745600,0.0,26,1295027134
4ffa4412-1493-3beb-b8f0-6614dde953a4,SOUTHCOAST HOSPITAL GROUP  INC,363 HIGHLAND AVENUE,WAREHAM,MA,025715011,41.745636,-70.658192,5086793131,0.0,123,1922024835
a14e698d-a9ba-3eae-9c8b-682ec726433d,LYNN URGENT CARE LLC,776 WESTERN AVE,LYNN,MA,019052408,42.466763,-70.9494939,6178939901,0.0,13,1992342075
7f26da64-69ab-3db4-b285-c48c9836a653,BEAR MT LOWELL LLC,500 WENTWORTH AVE,LOWELL,MA,018524937,42.631409,-71.283668,9784581271,0.0,1,1437619186
5ba6765a-f335-36b0-9c6a-6bb494c5330d,URGENT CARE MEDICAL ASSOCIATES  LLC,31 OLD ROUTE 7,WESTWOOD,MA,020902333,42.2139873,-71.2244987,2038850808,0.0,4,1730479254
b6eeaaf7-1683-3bcb-b6ee-81ce304636ef,MELROSEWAKEFIELD HEALTHCARE  INC,170 GOVERNORS AVE,MELROSE,MA,021763225,42.4564323,-71.064182,7819793050,0.0,116,1891835351
14932db8-e179-331d-98ad-dc1c352cb6d3,743 MAIN STREET OPERATOR LLC,743 MAIN ST,MELROSE,MA,021762707,42.460108950000006,-71.06216841036309,7816627500,0.0,1,1194254565
d613e441-68e8-3502-8adb-3f770a1276bf,PALMER FAMILY SERVICES LLC,114 WATER ST,MILFORD,MA,017573007,42.13661855,-71.53474614336832,5084782008,0.0,11,1063613560
de29a374-221b-3cb4-8051-a02c1a35e5b7,FAMILY MEDICINE ASSOCIATES OF SOUTH ATTLEBORO  P.C.,562 WASHINGTON ST,SOUTH ATTLEBORO,MA,027036942,41.912892049999996,-71.36135809627689,5087615650,0.0,29,1750309431
d3085315-9893-34c7-8889-3a31dc17c2b0,WALPOLE MEDICAL CENTER  PC,1428 MAIN ST STE 7,WALPOLE,MA,020811729,42.1325911,-71.2618886,5086686600,0.0,90,1174052351
18061fd5-fda8-3e2d-87f0-0f3c87211bcc,CAMBRIDGE PUBLIC HEALTH COMMISSION,1493 CAMBRIDGE ST,SOMERVILLE,MA,021431408,42.3875968,-71.0994968,6176651000,0.0,234,1447348313
a2b4aab1-3117-3d51-81d3-81c0ed9ad6f4,PEACE & HARMONY HOME CARE LLC,34 SCHOOL ST,FOXBOROUGH,MA,020352318,42.06467495,-71.25151295640843,7742155468,0.0,35,1609173129
76281d34-caff-30e0-8545-bcdf33182109,CLIFTON REHABILITATION NURSING CENTER,500 WILBUR AVENUE,SOMERSET,MA,027252051,41.72075205,-71.16843052114558,5086757589,0.0,3,1992793509
acffdfa8-1383-3929-8c99-e73969491439,BRIGHAM AND WOMEN'S FAULKNER HOSPITAL  INC.,1153 CENTRE ST,BOSTON,MA,021303446,42.3017598,-71.12855793387442,6179837470,0.0,7,1033121025
fe30f2b4-9bc8-346e-afba-4455d1766545,KATZMAN FAMILY CENTER FOR LIVING,17 LAFAYETTE AVENUE,CHELSEA,MA,021502010,42.40019115,-71.03050082480353,6178846766,0.0,5,1891780268
0fedae9f-701f-3317-9b2f-69aea2202cdc,BOSTON MEDICAL CENTER CORPORATION-,88 EAST NEWTON STREET,WINTHROP,MA,021522715,42.3750976,-70.982827,6176388000,0.0,88,1346218294
0cc04ba5-137a-3ef8-acda-e79b25960b2a,WILLIAMSTOWN COMMONS NURSING & REHAB,25 ADAMS ROAD,WILLIAMSTOWN,MA,012672928,42.7009605,-73.18515951851253,4134582111,0.0,4,1477637270
86bbc3aa-e927-3d56-9d77-ab701b4b2926,FALL RIVER JEWISH HOME  INC,538 ROBESON STREET,FALL RIVER,MA,027205496,41.707225,-71.1432141111111,5086796172,0.0,12,1811983240
7a3b8310-02eb-3c47-aa1b-3f55b3ed9de9,ON CALL URGENT CARE  LLC,6 HATFIELD ST,NORTHAMPTON,MA,010602545,42.333172950000005,-72.6566355591273,4135847425,0.0,6,1447495494
440fa4b8-c731-3cf5-81d9-aa3f30a37b95,LAHEY HOSPITAL & MEDICAL CENTER  BURLINGTON,41 & 45 MALL ROAD,PEABODY,MA,019602901,42.5278731,-70.9286609,7817445100,0.0,233,1558392563
0fab3c4e-a028-39a6-b15a-be5a88b6aa2a,ENCOMPASS HEALTH REHAB HOSPITAL OF WESTERN MASS,222 STATE STREET,LUDLOW,MA,010563437,42.15547415,-72.47222226666076,4135897581,0.0,2,1912971854
b0016371-afcb-37a6-8f90-5e3786e7806f,JEWISH HEALTHCARE CENTER INC,629 SALISBURY ST,WORCESTER,MA,016091120,42.2932691,-71.8390048,5087988653,0.0,1,1598755027
3b021cb6-4745-3d9d-8436-230055f770bd,BETH ISRAEL DEACONESS HOSPITAL-NEEDHAM  INC.,148 CHESTNUT ST,NEEDHAM,MA,024943238,42.27728075,-71.23665362814043,7814533000,0.0,214,1205893450
c92cc255-6778-3307-8092-987d667be4ce,SALEM FAMILY HEALTH CENTER,89 FOSTER ST,PEABODY,MA,019608925,42.5278731,-70.9286609,9785324903,0.0,57,1124373022
ad82d624-72eb-3c7d-a76d-79f2668d1390,WOODLAND INTERNISTS  P.C.,3 WOODLAND RD,STONEHAM,MA,021801711,42.452443099999996,-71.08939988105112,7816627990,0.0,72,1144544370
b8421363-9807-3b16-a146-95336eea5cfb,COOLEY DICKINSON HOSPITAL INC,30 LOCUST ST,NORTHAMPTON,MA,010602052,42.33032115,-72.65330802608176,4135822000,0.0,348,1871512814
3498e7d3-90fd-366b-bc6a-6f41dad6bae6,COLEMAN HOUSE,112 WEST MAIN STREET,NORTHBOROUGH,MA,015321824,42.318559050000005,-71.65097281611972,5083519355,0.0,14,1548250723
945104f1-4b95-3eed-bd02-5efa0afbf34d,DIGNITY HOSPICE CARE INC,20 CENTRAL AVE # 506,LYNN,MA,019011201,42.46410018181818,-70.9465129090909,8572054114,0.0,2,1780044370
fbd4ccdf-2fdb-3652-9bbe-1ccff886bd34,CROWN HOME HEALTHCARE MA  INC,320 CENTRAL STREET  UNIT A2,SAUGUS,MA,019062372,42.4632069,-71.0093761,7812153815,0.0,5,1356780456
901c2d40-1ca3-3879-9a20-c663b8adc0a9,TUFTS MEDICAL CENTER,800 WASHINGTON STREET,STONEHAM,MA,021802445,42.4863168,-71.0928919,6176365000,0.0,151,1730132515
6170552c-4d27-3e64-8068-64a380f1837d,WP ACQUISITION SUB LLC,76 SUMMER ST,HAVERHILL,MA,018305814,42.7786873,-71.07306505177553,6158616000,0.0,113,1023580479
22249c0a-8ce9-3726-a3bb-b037c773ce5c,BOSTONIAN NURSING CARE & REHABILITATION CTR  THE,337 NEPONSET AVENUE,DORCHESTER,MA,021223103,42.2875144,-71.0470691675753,6172652350,0.0,17,1629164975
2f735290-1603-31b5-b561-7c8e0d413170,BL HEALTHCARE INC DELEWARE,100 FOXBOROUGH BLVD STE 230,FOXBOROUGH,MA,020352878,42.041851949999995,-71.23486657070565,5085434150,0.0,48,1356940621
328f813e-4de8-3ec2-a113-43f3ddfb0b2a,DILIGENCEHEALTHCARE,30-40 WESTPARK STREET,BROCKTON,MA,023015241,42.0834335,-71.0183787,8574539843,0.0,24,1518420124
200746fc-5d0f-3ec7-a2a9-3d9a219ee139,COMPASSIONATE CARE HOSPICE,800 CUMMINGS PARK  SUITE 3100,WOBURN,MA,018016355,42.4977745,-71.1237712,7819355550,0.0,5,1295937084
dd3307db-114c-3f11-be44-a9eef6bb3fc5,LYNN COMMUNITY HEALTH,269 UNION STREET,LYNN,MA,019011201,42.4652772,-70.94362420273097,7815962502,0.0,25,1013997691
5018c664-e283-30eb-932a-529d9a19b3b5,FIRST PSYCHIATRIC PLANNERS  INC,300 SOUTH ST,WOBURN,MA,018014979,42.473347,-71.144086,6174690300,0.0,239,1093714412
d4e48a16-0a60-3e90-81e5-c35b22ffe6af,GREEN MOUNTAIN URGENT CARE LLC,856 STATE RD,NORTH ADAMS,MA,012473027,42.69967208677275,-73.16330754755236,6035264635,0.0,2,1902495484
b53dc1b7-43b0-3c43-a73f-304165633a59,PULMONARY INTERNISTS AND CONSULTANTS PC,63 MAIN ST,HYANNIS,MA,026013202,41.6562005,-70.27336188244256,5087752295,0.0,51,1477755239
39c15c0f-5c49-311e-99d2-1fb99d80e06e,HARBOR HEALTH SERVICES INC,398 NEPONSET AVE,DORCHESTER,MA,021223134,42.286764399999996,-71.04402811508834,6172823200,0.0,26,1881692366
bccd7d67-203c-3d93-b6b0-bff5a146cd1d,CARECENTRAL URGENT CARE MEDICAL GROUP PC,286 WASHINGTON ST,STOUGHTON,MA,020721763,42.1384306,-71.1022598,7813412800,0.0,11,1922385319
63cb4d95-04a9-3a35-b5d9-f89e0377a48d,STURDY MEMORIAL HOSPITAL INC,211 PARK ST,ATTLEBORO,MA,027033143,41.9419187,-71.2752081695297,5082368110,0.0,162,1730106162
45e64170-207e-3786-b970-76fca7a5691b,50 INDIAN NECK ROAD OPERATOR LLC,50 INDIAN NECK RD,WAREHAM,MA,025712174,41.7539753,-70.69890130810117,(508) 295-6264,0.0,1,1659897767
db28cc9a-fdfb-35a6-aef7-ab9b933ef244,CAMBRIDGE REHABILITATION & NURSING CENTER,8 DANA STREET,CAMBRIDGE,MA,021385402,42.3694992,-71.11011030010101,6178644267,0.0,58,1528387768
4e3c60e6-dbed-32c3-9b03-767d7fbc82b0,LEEDS MA SNF LLC,222 RIVER RD,LEEDS,MA,010539783,42.364084399999996,-72.70745188531934,4135848457,0.0,1,1619371895
9d0e702d-50a0-3f4c-9126-0951d560fd4b,NEW ENGLAND REHABILITATION SERVICES OF CENTRAL MASSACHUSETTS INC,189 MAY ST,WORCESTER,MA,016024339,42.25986305,-71.83597786023279,5087916351,0.0,22,1225002983
c7542447-e06e-32cb-b6db-243c23a0dbc2,FRANCISCAN HOSPITAL FOR CHILDREN INC,30 WARREN ST,BOSTON,MA,021353602,42.3501483,-71.14393324457691,6172543800,0.0,97,1174542013
50c47685-8125-3c50-8311-8bd7ba9e9108,BOSTON MEDICAL CENTER CORPORATION-,4199 WASHINGTON ST,ROSLINDALE,MA,021311733,42.2871447,-71.1277526,6173234440,0.0,19,1386718823
f8918a95-31e8-3ac4-8d12-29ca6080ebda,BETH ISRAEL DEACONESS HOSPITAL MILTON INC,199 REEDSDALE RD,MILTON,MA,021863926,42.251368299999996,-71.0768393856917,6173131214,0.0,220,1174618953
8d5880eb-1dd8-31ea-b7c5-21709f3bb341,MELROSE INTERNAL MEDICINE ASSOC PC,50 ROWE ST,MELROSE,MA,021763201,42.4592093,-71.06078096379728,7819793800,0.0,69,1629055538
a6964d47-8af0-3df2-b99d-d8414eb1cfa3,ARBOUR-FULLER HOSPITAL,200 MAY ST,SOUTH ATTLEBORO,MA,027035520,41.924394750000005,-71.36076410900014,5087618500,0.0,870,1316917222
a7b047dd-186a-32de-8187-b0853c05aed6,COUNTRY CENTER FOR HEALTH & REHABILITATION,180 LOW STREET,NEWBURYPORT,MA,019503519,42.815683050000004,-70.89666045994463,9784655361,0.0,3,1245570779
dac75bc1-cbfa-306b-9a0a-88d5edf3638d,BRIGHTON HOUSE REHABILITATION & NURSING CENTER,170 COREY ROAD,BRIGHTON,MA,021358244,42.3433093,-71.14003855124017,6177310515,0.0,3,1952765851
371948e4-733a-33b6-a835-68abefdeb59f,FAIRVIEW HOSPITAL,197 ADAMS RD,WILLIAMSTOWN,MA,012672930,42.704126099999996,-73.19043030392987,4134588182,0.0,29,1124686530
92d919ab-8380-3fda-a5f1-838e69b819c1,ZANJABEE INTEGRATIVE MEDICINE AND PRIMARY CARE LLC,300 TRADECENTER STE 4750,WOBURN,MA,018017420,42.4994143,-71.161659,4019525488,0.0,37,1003138405
44cb1162-a345-3477-8723-c202a3c8cdcd,HOPKINTON MEDICAL CARE  P.C.,73 W MAIN ST,HOPKINTON,MA,017481619,42.21799145,-71.54005509979045,5084356900,0.0,22,1417107723
0d7ef8ee-4e45-3b40-9f2b-f558dce71574,PERSONALIZED MEDICAL CARE LLC,200 BOYLSTON ST,CHESTNUT HILL,MA,024672008,42.318869649999996,-71.17524247213663,6175298041,0.0,24,1891118873
f312977e-8f41-3816-84cc-e5b12ba36955,BRIGHAM AND WOMEN'S FAULKNER HOSPITAL  INC.,1153 CENTRE ST,JAMAICA PLAIN,MA,021303446,42.3017598,-71.12855793387442,6179837470,0.0,24,1578677811
0519b293-2e92-3eb3-aeef-233da0babc93,PALM SKILLED  NRSING CR & CTR FOR REHAB EXCELLENCE,40 PARKHURST ROAD,CHELMSFORD,MA,018241511,42.6198215,-71.36189212971482,9782563151,0.0,2,1942482765
e34d8448-8b98-3f91-9fe7-faeb8a78e1db,ASSOCIATED INTERNISTS OF RANDOLPH  INC.,NEW ENGLAND SINAI HOSPITAL,MILTON,MA,021862377,42.2501425,-71.065573,7813440600,0.0,64,1710008982
a2d45ee8-b930-3169-b612-f602961ad212,SUNRISE HEALTHCARE LLC,37 MINUTEMAN WAY,SHREWSBURY,MA,015452229,42.288207,-71.73443816915585,6176509959,0.0,48,1184168825
10ffe7b1-2f94-3f12-9288-679da05a1ec9,WESTFORD INTERNAL MEDICINE PC,133 LITTLETON RD,WESTFORD,MA,01886,42.57056335,-71.41736646422413,9785771946,0.0,25,1609825413
4fa643ae-1f58-3c2e-9f33-0ba56345ad10,COMPASSIONATE HEALTH CARE GROUP LLC,361 MAIN ST,WAREHAM,MA,025712153,41.761384899999996,-70.71911431737183,7746787319,0.0,52,1457845653
e98ef46c-e94c-34bc-9cf5-134d8ddcbac5,COMMUNITY VISITING NURSE AGENCY  INC.,10 EMORY ST,ATTLEBORO,MA,027033002,41.9447388,-71.27972821642685,5082220118,0.0,1,1013002278
fa34d205-5ac2-3ba2-80a4-bef345dc57f5,MEDFORD VISITING NURSING ASSOCIATION,37 BROADWAY,ARLINGTON,MA,024745552,42.408086,-71.135914,7816436090,0.0,1,1699948166
fb4a08b8-57ee-382b-b3cb-43d94f1bb4c0,STANLEY STREET TREATMENT AND RESOURCES  INC,1010 SOUTH MAIN STREET,FALL RIVER,MA,027242855,41.690775450000004,-71.16515282264554,5086751054,0.0,34,1902176449
3d5fbf38-c781-3e04-8c7e-5a402611b7d4,DAVIS SQUARE FAMILY PRACTICE,260 ELM ST,SOMERVILLE,MA,021442951,42.3955992,-71.1227391,6176669577,0.0,86,1780782409
d6b03647-983f-3162-af9e-b12aea026f13,HOLISTIC FAMILY PRACTICE  INC.,65 NEWBURYPORT TPKE,NEWBURY,MA,019501199,42.7891081,-70.87774011339009,9784659770,0.0,48,1063446615
94ac48ba-e215-3ab9-ba88-a0b926d29cef,MEDFORD REHABILITATION AND NURSING CENTER,300 WINTHROP STREET,MEDFORD,MA,021552311,42.421527,-71.11834,7813964400,0.0,19,1265707749
0334ad53-5d57-384e-a411-63b075139c06,SACHEM CENTER FOR HEALTH & REHABILITATION,66 CENTRAL STREET,EAST BRIDGEWATER,MA,023331913,42.03160525,-70.9572577506426,5083787227,0.0,11,1073853560
8ce066ae-10ad-3679-9272-387e8cb21947,NEWBURYPORT FAMILY PRACTICE P.C.,3 CHERRY ST,NEWBURYPORT,MA,019503928,42.80038345,-70.87664535540449,9784657322,0.0,17,1386701092
f438b8e0-d856-328a-b193-2b014fc4cb97,D'YOUVILLE SENIOR CARE,981 VARNUM AVENUE,LOWELL,MA,018541913,42.64591185,-71.36487149058269,9784545681,0.0,7,1134113608
936ceb96-2b12-371f-aa68-ee02a9c06f4c,PRIMARY CARE NORTH PC,225 BOSTON ST,LYNN,MA,019043124,42.470497449999996,-70.96003668151566,7815959581,0.0,85,1649392416
7b7ce654-a413-37d1-9d34-97240c0ac580,WOONSOCKET URGENT CARE PC,1 WRENTHAM ST,BELLINGHAM,MA,020192532,42.025037350000005,-71.48945118224057,5083184466,0.0,45,1437628385
880c8804-deb0-35b0-9132-06950118b8b3,BRIARWOOD REHABILITATION & HEALTHCARE CENTER,150 LINCOLN STREET,NEEDHAM,MA,024922914,42.2743931,-71.23662905222776,7814494040,0.0,5,1376887612
fc22de59-ee81-3c32-98c4-911b8d416110,27 GEORGE STREET OPERATOR LLC,27 GEORGE ST,ATTLEBORO,MA,027033105,41.9404181,-71.27282167023935,5082261650,0.0,1,1871022244
552ede7f-2ba4-39ef-9217-29d27b89b8a7,LAKEVIEW HOUSE SKLD NRSG  AND RESIDENTIAL CARE FAC,87 SHATTUCK STREET,HAVERHILL,MA,018302319,42.796917699999995,-71.05216081525802,9783721081,0.0,6,1215921747
c6b019eb-28ec-36f6-abf3-bcc4d1d58966,DUTTON FAMILY CARE ASSOCIATES LLP,33 AVON ST,WAKEFIELD,MA,018802310,42.50403445,-71.07462951514611,7812450402,0.0,40,1235163395
06376cbe-4880-384b-b459-7ce3eef36ced,HEALTHFIRST FAMILY CARE CENTER INC,387 QUARRY ST,FALL RIVER,MA,027231026,41.6932713,-71.1402431739568,5086798111,0.0,47,1962435933
2836d9ac-c6a6-39d1-8f13-fdf0fc8928f4,TEWKSBURY HOSPITAL,365 EAST ST,TEWKSBURY,MA,018761950,42.6069472,-71.2180803,9788517321,0.0,100,1871680496
a2f8d8fe-665e-390f-8b9b-efdc0b14a77c,LOWELL COMMUNITY HEALTH CENTER,161 JACKSON ST,LOWELL,MA,018522103,42.6425382,-71.3093946,9783228590,0.0,44,1952307530
e2eab39c-5195-34aa-b35f-e89e37cfed01,SOUTH SHORE HOSPITAL INC.,55 FOGG ROAD,WEYMOUTH,MA,021893141,42.175539799999996,-70.9539153674405,7813408000,0.0,66,1134227606
4fa8411f-42f8-3353-8947-bf15254c9dee,GREENWOOD NURSING & REHABILITATION CENTER,90 GREENWOOD STREET,WAKEFIELD,MA,018804039,42.476321150000004,-71.06922169005762,7812460211,0.0,21,1508833922
df3f566c-97e5-31ed-b0fe-4b452666f736,CLASSIC HEALTHCARE MEDICAL GROUP LLC,300 CHESTNUT ST,NEEDHAM,MA,024922477,42.27522125,-71.23743483674366,7815590230,0.0,32,1649691957
4705a8fd-19cd-32c1-8b3e-34bcfe84d0bd,WELLNESS ON WHEELS PC,55 N WASHINGTON ST,NORTH ATTLEBORO,MA,027601607,41.983529,-71.332241,5083164141,0.0,90,1831580471
f5ccbb53-e4a0-32e5-a693-02150497a8f4,SOUTH SHORE INTERNAL MEDICINE ASSOCIATES INC.,100 HIGHLAND ST,MILTON,MA,021863881,42.250705749999995,-71.07724199194602,6176988855,0.0,3,1053475012
497f39dd-280e-3d58-af5b-c5e3a3a09b10,CAPE COD HOSPITAL INC,27 PARK ST,HYANNIS,MA,026015230,41.65363635,-70.27352219234834,5087711800,0.0,52,1326006073
578b56de-fe9c-32e1-aea4-876f8bc01e9c,DR JOHN C CORRIGAN MENTAL HEALTH CENTER,49 HILLSIDE STREET,FALL RIVER,MA,027205211,41.707406500000005,-71.14593659462452,5082357600,0.0,159,1700964947
accb8cdd-6560-3fef-b0a6-f12c3295026a,LIFE CARE CENTER OF ATTLEBORO,969 PARK STREET,ATTLEBORO,MA,027035115,41.9266899,-71.2611303145582,5082224182,0.0,4,1225091770
7445ae34-b648-3d3a-b8cf-0eb630061b6e,CARING HOSPICE SERVICES OF MASSACHUSETTS  LLC,34 CEDAR ST STE 4,WEST ROXBURY,MA,021324338,42.2792649,-71.1494972,7329016600,0.0,1,1598252249
18a96051-91f4-3cba-af96-056ea14dfee0,ANNA JAQUES HOSPITAL SUBACUTE UNIT,25 HIGHLAND AVENUE,NEWBURYPORT,MA,019503872,42.81369325,-70.89091645747592,9784631056,0.0,159,1992779482
c5d5a544-0277-342f-8422-d30848a82438,FAMILY SERVICE ASSOCIATION OF GREATER FALL RIVER INC,151 ROCK ST,FALL RIVER,MA,027203201,41.70365955,-71.15259151299796,5086787542,0.0,23,1144219551
c2e93fb4-abf2-3210-b6ec-4d1ecb2b76f0,HAVERHILL FAMILY OFFICE LLC,62 BROWN ST,HAVERHILL,MA,01830,42.76512700000001,-71.04617174286321,9785216555,0.0,26,1851935910
1ab2b5f9-cb95-3236-beec-9b9d4a407c61,BERKSHIRE MEDICAL CENTER INC,725 NORTH ST,PITTSFIELD,MA,012014109,42.4600752,-73.2492795834909,4134472000,0.0,27,1124184494
07ae483b-b351-3add-8b05-afba832b88ea,STONEHEDGE HEALTH CARE CENTER,5 REDLANDS ROAD,WEST ROXBURY,MA,021321506,42.2879347,-71.15108161583282,6173276325,0.0,2,1093015935
ec509895-6196-36d1-b91e-272bed7e6196,CHARLES RIVER COMMUNITY HEALTH  INC,40 ARMINGTON ST,ALLSTON,MA,021342406,42.3521617,-71.1375176,6177830500,0.0,28,1225215452
41e2a44c-477c-3511-96f9-12c476aa3b6a,DR SOLOMON CARTER FULLER MENTAL HEALTH CENTER,85 E NEWTON ST,BOSTON,MA,021183553,42.336277100000004,-71.07085295687423,6176268860,0.0,82,1285759464
f00601d0-d49e-30ed-bc3e-314379f2103e,MELROSE FAMILY OPTICIANS LLC,490 MAIN ST,MELROSE,MA,021763841,42.4550741,-71.0654799,7816650897,0.0,28,1528291424
5b0cd0a0-f277-3a66-bee6-d64b5be4a3f5,BERKSHIRE MEDICAL CENTER INC - 1,725 NORTH ST,PITTSFIELD,MA,012015493,42.4600752,-73.2492795834909,4134472000,0.0,9,1295765261
b44955d1-f0e2-3beb-a013-708a81dbe430,SIGNATURE HEALTHCARE MEDICAL GROUP INC,680 CENTRE ST,WEST BRIDGEWATER,MA,023791600,42.0219112,-71.019004,5089417000,0.0,49,1508804949
363631be-d437-3548-98c2-d10b909c1721,SEA VIEW CONVALESCENT AND NURSING HOME,50 MANSION DRIVE,ROWLEY,MA,019691026,42.73718535100735,-70.88053187301136,9789482552,0.0,12,1417942004
c1986c0c-f756-3596-8f90-08adacf220fe,CHESTNUT WOODS REHABILITATION AND HEALTHCARE CTR,73 CHESTNUT STREET,SAUGUS,MA,019061605,42.4573919,-70.9918055,7812338123,0.0,10,1932524204
18b1bb7e-2f93-3253-a7ae-d19c13ffeaa1,GARDEN STATE HEALTHCARE ASSOCIATES LLC,29 E 29TH ST,WEST NEWBURY,MA,019854201,42.8014795,-70.989778,2018587394,0.0,54,1700014545
1853aeef-5897-326a-80d6-aa4b0459eb6d,BARRINGTON URGENT CARE PC,381 WICKENDEN ST,ATTLEBORO,MA,027032247,41.9438129,-71.2806515,4014337550,0.0,2,1033345632
94dda4e1-7476-367a-b1f8-37ea7f61a1b7,WHITTIER REHABILITATION HOSPITAL - BRADFORD,145 WARD HILL AVENUE,WESTBOROUGH,MA,015811017,42.2694308,-71.6129907,9783728000,0.0,136,1235301797
bdaa3017-130e-34e9-b3ac-ca6d992e8b50,PENACOOK PLACE  INC,150 WATER STREET,HAVERHILL,MA,018306213,42.77508795,-71.07182802882255,9783740707,0.0,3,1134107196
8a87ef73-eaa2-340a-bec5-c3cef01ef836,BEAR MT WESTFORD LLC,3 PARK DR,WESTFORD,MA,018863511,42.556814700000004,-71.43463308318695,9783921144,0.0,1,1730762105
2ca615f3-87f7-3283-a447-d919a883b676,HANOVER FAMILY HEALTH & URGENT CARE PC,1399 WASHINGTON ST,HANOVER,MA,023391653,42.1441354,-70.8440854,7818290895,0.0,4,1346461571
0a689d33-2b0d-3942-8de8-e28812e91c69,MEASURED WELLNESS LLC,47 SEAVERNS AVE # 5,BROOKLINE,MA,024463806,42.3317642,-71.1211635,5137482498,0.0,30,1588273320
6e517750-a29e-3170-a02b-5733ff523458,TREE OF LIFE HEALTHCARE ASSOCIATES,101 BARRY RD,WORCESTER,MA,016091275,42.3030701,-71.8333408960994,5087677931,0.0,27,1326395013
aad05540-c9cb-3805-b3c4-f9b9d9b42b2e,RIVER'S EDGE PRIMARY CARE LLC,821 E MAIN ST STE 3,CHICOPEE,MA,010206306,42.155774795300516,-72.55672263289513,4136956774,0.0,8,1790378487
83a08dcf-7ed6-3d2e-afc0-a72c05d2563c,GREATER LAWRENCE FAMILY HEALTH CENTER INC,755 MAIN ST,HAVERHILL,MA,018302166,42.797835,-71.0878121,9786860090,0.0,32,1003437344
25c85bcc-7e25-36bc-89e8-08e0d473db23,A&A HEALTHCARE LLC,138 S MAIN ST STE 14,MILFORD,MA,017573272,42.1270746,-71.51639128815474,5082414877,0.0,93,1023584240
d9b71ccf-6649-3555-9e99-44eac0af257f,SERENITY HILL NURSING CENTER,655 DEDHAM ST,WRENTHAM,MA,020931135,42.084901,-71.30689224201797,5083843400,0.0,170,1063419521
f002fb4c-544a-3139-b3f1-439864d5474a,OC SAUGUS CENTER LLC,266 LINCOLN AVE,SAUGUS,MA,019063037,42.44952884999999,-70.99452689295308,8455444089,0.0,1,1023604436
cbebae9e-f95e-3d2c-9712-289ea8d6aeec,ARBOUR HOSPITAL  THE,49 ROBINWOOD AVENUE,QUINCY,MA,021698130,42.2509914,-71.0037374,6175224400,0.0,1,1821068818
5862e05c-9533-3f7a-8f73-215d50f5ee2f,HEBREW REHABILITATION CENTER,1200 CENTRE ST,ROSLINDALE,MA,021311000,42.29768,-71.130463,6173258000,0.0,5,1437155967
ec7e487e-7e78-3eac-a9ee-37f8de98a0f9,COLONY CENTER FOR HEALTH & REHABILITATION,277 WASHINGTON STREET,ABINGTON,MA,023512489,42.10060947239023,-70.94967338146704,7818710200,0.0,1,1336489723
ad482681-b4c4-3fce-ac59-78c83d31b0ba,BEAR MT FRANKLIN LLC,130 CHESTNUT ST,FRANKLIN,MA,020383903,42.08345955,-71.38413379825735,5085284600,0.0,8,1336609148
a5577e5c-b886-37a0-8eee-8ff6feb7ea6b,MOUNT AUBURN HOSPITAL,330 MOUNT AUBURN ST,CAMBRIDGE,MA,021385502,42.3741033,-71.13417575971958,6174923500,0.0,21,1649254491
5581e43d-0463-3a0b-afc7-a60aea5ac96c,GREATER LAWRENCE FAMILY HEALTH CENTER INC,57 RIVER RD,ANDOVER,MA,018101144,42.69112645,-71.19636086287642,9786868521,0.0,28,1255630448
2bde75a8-708f-3930-8d57-100ab365d413,WELLESLEY FAMILY CARE ASSOCIATES  PC,173 WORCESTER ST,WELLESLEY,MA,024815521,42.2964859,-71.2925571,7812357900,0.0,71,1902056310
845fbd9b-2d1c-39a8-8261-28ae40e4fab2,MILFORD REGIONAL MEDICAL CENTER,14 PROSPECT STREET,UPTON,MA,015681431,42.1700209025178,-71.59409308099494,5084731190,0.0,31,1477527497
bac9dc0c-cb0f-3fa6-aa12-819dd0fb922a,CAMBRIDGE PUBLIC HEALTH COMMISSION,1493 CAMBRIDGE ST,SOMERVILLE,MA,021452935,42.3875968,-71.0994968,6176651000,0.0,209,1487603585
84d5768f-3a21-3da9-aad2-bbf7a3ae2700,LOWELL FAMILY MEDICAL CARE PC,817 MERRIMACK ST,LOWELL,MA,018543548,42.650296999999995,-71.32263756223612,9784530550,0.0,43,1871720086
9ce6072b-d039-3cde-8eaf-950211b8ae88,MIDDLETON FAMILY MEDICINE URGENT CARE  LLC,147 S MAIN ST,MIDDLETON,MA,019492446,42.585787222720036,-71.00861442427218,9787742555,0.0,9,1902215106
ecd3b321-0a8a-3ce6-81f0-982dd77fce43,ANNA JAQUES HOSPITAL SUBACUTE UNIT,25 HIGHLAND AVE,NEWBURYPORT,MA,019503867,42.81369325,-70.89091645747592,9784631000,0.0,85,1619061769
69cb2157-b620-3c51-9c94-f516462d2d55,FAMILY PRACTICE GROUP PC,11 WATER ST,ARLINGTON,MA,02476,42.41642055,-71.15424293038585,7816489700,0.0,100,1801953849
9a20d707-68e4-32c0-b2b2-2f5d5c2012cd,CLARITY HEALTH & WELLNESS LLC,131 CAMBRIDGE ST STE 1,BURLINGTON,MA,018033711,42.50284395,-71.19574553661971,7812652572,0.0,37,1104425693
a25107f7-f4f5-36fc-98e4-f3e1b5875c91,MASS GENERAL BRIGHAM URGENT CARE LLC,1285 BEACON ST,WOBURN,MA,018012157,42.4979478,-71.1684508,6177516205,0.0,26,1720486830
0e6c3ad1-24c1-34cb-bb6d-e8438fa319e2,URGENT CARE OPERATIONS PC,50 DODGE ST,SWAMPSCOTT,MA,019071300,42.4699241,-70.9171507,9789222171,0.0,2,1417311309
bdd9ad72-443a-3563-a626-4c45f6d058b2,COMFORT HOME CARE  LLC,147 PELHAM STREET,WORCESTER,MA,016072105,42.265209,-71.814005,9786854700,0.0,2,1407063217
05fcf001-ab24-3d7d-85f7-f64942d82738,ENCOMPASS HEALTH BRAINTREE HOSPITAL OF BRAINTREE,250 POND STREET,FRAMINGHAM,MA,017014592,42.2838619,-71.4093719,7818485353,0.0,1223,1962839316
83769f98-fff3-3535-8781-6ace5957136f,SOUTHSHORE HEALTH CARE CENTER,115 NORTH AVENUE,ROCKLAND,MA,023702129,42.13496385,-70.92237824494691,7818783308,0.0,8,1700186640
28d71598-85eb-3a0e-90c1-22e0be1af57c,PARADIGM HEALTHCARE  PC,38 MULBERRY ST STE 204,NORTHAMPTON,MA,010602832,42.35436315,-72.70256804599192,4133550761,0.0,43,1932575974
89171335-b9c0-3326-98d6-a837d432b9fd,WHITTIER REHABILTATION HOSPITAL,150 FLANDERS ROAD,LYNN,MA,019042915,42.466763,-70.9494939,5088712063,0.0,52,1407827710
217cb6f6-e822-3831-9d9d-ffa104971042,ENCOMPASS HEALTH REHABILITATION HOSP OF NEW ENGLAN,2 REHABILITATION WAY,WOBURN,MA,018016003,42.46352265,-71.161925472006,7819355050,0.0,140,1215364682
e2a8b444-9b8f-36ff-84c4-05ee98589482,WHITLEY WELLNESS LLC,8 SHIPWAY PL # C-8,CHARLESTOWN,MA,021294301,42.3778749,-71.0619957,3254399799,0.0,22,1205298148
121b0ad1-1beb-3caa-9271-3d3f726bb727,PATRIOT URGENT CARE PROFESSIONALS PC,1030 MAIN STREET,WALTHAM,MA,024517447,42.375828,-71.2527956,7818946900,0.0,7,1417205105
f6ba791e-fe68-3596-bef4-60751db6a60e,VNA & HOSPICE OF GREATER MILFORD,37 BIRCH STREET,MILFORD,MA,017575501,42.1424349,-71.48943173357203,5084730862,0.0,3,1629336318
91808f17-7583-32a3-aa55-23b131b327c7,SOUTH SHORE CENTER FOR WELLNESS LTD,200 CORDWAINER DR,NORWELL,MA,020611671,42.16352995,-70.8846291501739,7818788340,0.0,51,1720221740
c709c5eb-ddd7-3778-84f7-0931a4d1c718,HEBREW SENIORLIFE AFFILIATED MEDICAL GROUP INC,1200 CENTRE ST,ROSLINDALE,MA,021311000,42.29768,-71.130463,6179715766,0.0,11,1477069391
0592d4e5-a0fb-3143-83cd-8e5a6b066a96,SOUTH SHORE PRIMARY AND URGENT CARE LLC,20 EAST ST,HANOVER,MA,023391638,42.1278249,-70.82664947485381,7815610460,0.0,4,1508217563
7b5bf0fc-c5c0-3f22-980b-fdfff326a9b4,WOONSOCKET URGENT CARE PC,40 CUMBERLAND AVE,NORTH ATTLEBORO,MA,027604445,41.9316677,-71.35407469790115,7812550500,0.0,43,1083006738
6aae7a31-90df-3455-ad8d-81f8cf2d21e8,BROCKTON HOSPITAL  INC.,680 CENTRE ST,BROCKTON,MA,023023308,42.0872752,-70.9910738855076,5089417000,0.0,79,1689695405
