Id,BIRTHDATE,DEATHDATE,SSN,DRIVERS,PASSPORT,PREFIX,FIRST,MIDDLE,LAST,SUFFIX,MAIDEN,MARITAL,RACE,ETHNICITY,GENDER,BIRTHPLACE,ADDRESS,CITY,STATE,COUNTY,FIPS,ZIP,LAT,LON,HEALTHCARE_EXPENSES,HEALTHCARE_COVERAGE,INCOME
aee7bbe1-0c45-c028-1e62-1f4cdb30c273,2010-12-23,,999-21-5544,,,,Wilfredo622,Isaiah615,Fritsch593,,,,white,nonhispanic,M,New Bedford  Massachusetts  US,265 Schamberger Rapid Unit 70,Whitman,Massachusetts,Plymouth County,,00000,42.095113614046355,-70.96780531615718,31849.63,130.67,102779
76b20010-c318-5754-8c85-983aa538522f,2018-03-19,,999-62-9324,,,,Jody426,Jeffrey461,Hickle134,,,,white,nonhispanic,M,Charlton  Massachusetts  US,368 Marquardt Highlands,Newburyport,Massachusetts,Essex County,25009,01950,42.81308052119067,-70.83892862887681,12926.22,10523.20,878354
5e688e99-61b3-5c88-3f60-21df8aaced27,2010-01-28,,999-87-5260,S99933561,,,Wallace647,Raymond398,Effertz744,,,,native,nonhispanic,M,Southwick  Massachusetts  US,788 Hansen Skyway,Revere,Massachusetts,Suffolk County,25025,02151,42.42585246178816,-70.94822090106521,2671.02,57629.98,22038
46976cf7-b0bf-be20-39a5-9f425a52886d,2007-09-14,,999-37-5783,S99914003,,Ms.,Lindsay928,Deja232,Zieme486,,,,white,nonhispanic,F,Toulouse  Occitanie  FR,794 Dicki Neck Unit 4,Worcester,Massachusetts,Worcester County,25027,01607,42.29589656519802,-71.86071035579968,55934.55,5543.16,95959
4f083ce3-f12b-bb4b-7353-e17f0cd55b0a,1999-01-12,,999-78-6352,S99956685,X40961508X,Mr.,Ezekiel373,Leslie90,Walter473,,,,white,nonhispanic,M,Onset  Massachusetts  US,332 Schulist Underpass,Watertown,Massachusetts,Middlesex County,25017,02472,42.32131597857709,-71.14289090408015,83483.44,3676.77,141031
aa616abe-1761-0c9a-7959-07544679dafd,1958-11-15,2008-12-20,999-83-4774,S99910238,X77922682X,Ms.,Jona712,Bonnie873,Robel940,,,S,asian,nonhispanic,F,Hanoi  Hà Đông  VN,997 Grant Row Unit 85,Peabody,Massachusetts,Essex County,25009,01960,42.52301776095647,-71.05524780399834,862638.65,236995.29,81174
46ee9d82-b52c-856d-069b-5064ff052225,1996-06-18,,999-44-2741,S99978458,X84534786X,Mrs.,Shalanda398,Kelsie51,Koepp521,,Terry864,M,white,nonhispanic,F,Marlborough  Massachusetts  US,925 Brown Annex,Lowell,Massachusetts,Middlesex County,25017,01854,42.62405815858057,-71.29962328132608,81611.18,454038.69,124612
c86c400e-ff88-a1e3-2e23-caa4d8311f47,1947-03-03,1988-01-14,999-14-5114,S99995163,X92189422X,Mr.,Cristobal567,Alfredo17,Montero62,,,D,white,hispanic,M,Santo Domingo  National District  DO,479 Haag Camp,Saugus,Massachusetts,Essex County,25009,01906,42.433320618228656,-70.96440007767636,87306.18,75643.90,109315
eb5910f1-26e6-bc6f-b300-716eae678d6f,1995-04-25,,999-20-9963,S99920788,X14573923X,Ms.,Larissa293,Jackeline690,Bins636,,,S,white,nonhispanic,F,Revere  Massachusetts  US,861 Swift Lock,Haverhill,Massachusetts,Essex County,25009,01832,42.84610565164186,-71.046128370516,148918.25,526456.23,47596
e74367bd-7385-97dc-2c7f-251b4cd9fe29,1960-09-24,,999-21-9587,S99989398,X95880747X,Mrs.,Tennille443,Denna536,Jerde200,,Rosenbaum794,M,white,nonhispanic,F,Greenfield  Massachusetts  US,911 Hauck Key Suite 34,Arlington,Massachusetts,Middlesex County,25017,02476,42.41678968179605,-71.12736743578557,24653.63,1388847.13,23284
2d68ad16-268a-478c-1f84-d0f1976e1a46,2020-02-21,,999-71-2318,,,,Mauro926,Isaias604,Braun514,,,,white,nonhispanic,M,Danvers  Massachusetts  US,686 Hilpert Annex,Quincy,Massachusetts,Norfolk County,25021,02186,42.25937201985332,-71.01258393031146,11394.17,0.00,103247
150a8a76-1563-717e-bf0f-f52045675f46,1947-03-03,1966-05-02,999-67-3314,S99937308,,Mr.,Diego848,,Armijo730,,,,white,hispanic,M,Bayamon  Puerto Rico  PR,629 Boyer Throughway,Saugus,Massachusetts,Essex County,25009,01906,42.4441788603325,-71.05520127159375,48735.14,55316.40,109315
6fbddf55-7096-b883-7cd3-260f27953080,1981-07-01,,999-94-1171,S99980696,X02036118X,Mrs.,Clarinda196,Serena400,Farrell962,,Mayert710,M,white,nonhispanic,F,Southwick  Massachusetts  US,205 Doyle Parade,Burlington,Massachusetts,Middlesex County,25017,01730,42.50650523065799,-71.21144047274721,15204.10,983979.21,18417
14a5a697-29a3-48b2-969a-3ceefe74a700,1958-11-15,,999-46-4252,S99967312,X58118045X,Mrs.,Drusilla108,Cherilyn114,Schumm995,,Leuschke194,M,asian,nonhispanic,F,Haiphong  Kiến An  VN,148 Schaden Knoll Apt 6,Peabody,Massachusetts,Essex County,25009,01940,42.51300186449432,-70.92705945517595,592684.37,464369.45,81174
d3727ff2-5d7b-347f-d78c-edc4323cf890,2009-06-18,2024-01-08,999-94-4285,,,,Eunice461,Diann220,Fay398,,,,black,nonhispanic,F,Weymouth  Massachusetts  US,777 Bosco Union Suite 34,Boston,Massachusetts,Suffolk County,25025,02108,42.29039304794446,-71.16480709371824,36511.06,12036.51,56736
ba419d35-0dfe-8af7-347c-eebf02485a56,1925-09-18,2021-02-25,999-49-6110,S99915546,X61105467X,Mrs.,Corie618,Sofia418,Kohler843,,Jast432,D,white,nonhispanic,F,Chelmsford  Massachusetts  US,1028 Hoeger Crossroad,Franklin,Massachusetts,Norfolk County,25021,02038,42.05592795971821,-71.36775579073067,52344.23,2062157.89,18756
62f60bdb-cc5c-8305-b98b-f2b229a55eca,1975-10-22,,999-12-9859,S99959970,X25625162X,Mrs.,Angel97,Rocio28,Frami345,,Luettgen772,W,white,nonhispanic,F,Rehoboth  Massachusetts  US,120 Collins Path Suite 22,Fall River,Massachusetts,Bristol County,25005,02790,41.695915023588334,-71.14174870097861,540300.39,669075.83,74269
982750f4-569b-5949-196b-60699bdda3fb,1986-11-12,,999-41-6411,S99925201,X58653799X,Mrs.,Dwana281,Zora492,Wolf938,,Schuppe920,M,white,nonhispanic,F,Scituate  Massachusetts  US,864 Wisozk Skyway Suite 4,Lowell,Massachusetts,Middlesex County,25017,01851,42.66502947266086,-71.34409739443451,238573.16,498604.38,51919
0f1067c3-9151-8829-56cd-2eff898db59c,2009-06-18,,999-52-9035,S99928861,,,Virgie92,,Aufderhar910,,,,black,nonhispanic,F,Gloucester  Massachusetts  US,980 Lockman Walk Unit 68,Boston,Massachusetts,Suffolk County,25025,02210,42.29300790694757,-71.05572649928646,324733.83,374429.19,56736
c053e996-a4c4-6c02-e2b6-284227156c67,2023-09-15,,999-10-8066,,,,Sharyn437,Anette189,Hagenes547,,,,black,hispanic,F,Windsor  Massachusetts  US,663 Blick Plaza,Milford,Massachusetts,Worcester County,25027,01757,42.17459827182851,-71.55903801727968,7868.99,710.83,51905
80fcbdbc-e907-9bd5-2644-ad9ef5d6545b,1947-03-03,,999-76-6743,S99949297,X29600932X,Mr.,Jaime666,José María211,Aponte375,,,M,white,hispanic,M,Ponce  Puerto Rico  PR,884 Klein Extension Apt 52,Saugus,Massachusetts,Essex County,25009,01906,42.46092605831709,-71.02943356402382,198464.18,92426.79,109315
35b353dd-402b-571a-d67a-af0a104d0854,1943-09-18,,999-46-5496,S99996815,X41921433X,Mr.,Jody426,,Monahan736,,,M,white,nonhispanic,M,Stoughton  Massachusetts  US,823 Rohan Walk,Stoneham,Massachusetts,Middlesex County,25017,02180,42.430415118201786,-71.11493016497893,117085.23,304140.74,164182
bff9d9d5-ee3d-d852-9c67-36d8361a4a4a,1945-01-28,,999-45-1987,S99938195,X50612170X,Mr.,Rosario163,,Ortiz186,,,S,asian,nonhispanic,M,Ludlow  Massachusetts  US,438 Schowalter Bypass,Needham,Massachusetts,Norfolk County,25021,02494,42.24438127173491,-71.28164193392622,181726.01,156397.91,179146
947c82ee-1735-c9ed-8210-38cb93d8070c,2016-05-17,,999-50-9740,,,,Marcell728,Augusta206,Hammes673,,,,white,nonhispanic,F,Medfield  Massachusetts  US,350 Quigley Mill,Boston,Massachusetts,Suffolk County,25025,02131,42.27694894483813,-71.13954379177159,33192.32,287.14,107995
2c167999-289d-95fa-5c27-7d8b8d35348c,1974-01-12,,999-81-3939,S99975629,X02915061X,Mr.,Eliseo499,Laverne101,Nader710,,,M,white,nonhispanic,M,Lowell  Massachusetts  US,257 Wiza Forge Suite 31,Revere,Massachusetts,Suffolk County,25025,02151,42.42403681433789,-70.99809615810418,133142.19,53498.64,28811
d15b23ed-02d5-3e28-efbd-2604425317c5,2026-05-13,,999-23-1094,,,,Ivan258,,Goodwin327,,,,white,nonhispanic,M,Lawrence  Massachusetts  US,640 Prosacco Street Suite 54,Boston,Massachusetts,Suffolk County,25025,02152,42.243413698535726,-71.0777962572229,100.00,1623.22,4255
c0a47dee-cc72-29ce-df5a-ea6d306c36a4,1987-02-23,,999-95-9468,S99951330,X48271560X,Mr.,Jonathan639,Vernon254,Carroll471,,,M,white,nonhispanic,M,Brookline  Massachusetts  US,299 Witting Vale Apt 11,Fall River,Massachusetts,Bristol County,25005,02747,41.71443190444846,-71.17965584682092,64205.59,211.97,129734
5ba0a3f3-32f7-02b1-ec6a-8f568923954c,1998-06-17,,999-72-6669,S99915037,X65826678X,Mr.,Faustino767,Dominic463,Langworth352,,,M,asian,nonhispanic,M,Northborough  Massachusetts  US,373 Rath Skyway,Boston,Massachusetts,Suffolk County,25025,02127,42.392627527263805,-71.10595260610019,14435.08,838306.05,11168
9661a432-4630-2cd9-142c-386845fae837,1978-02-14,,999-46-9582,S99969383,X24719434X,Mr.,Paul232,Francisco472,Tremblay80,,,W,white,nonhispanic,M,Fitchburg  Massachusetts  US,558 O'Connell Trafficway,Whitman,Massachusetts,Plymouth County,,00000,42.04733216768621,-70.93867701050462,13560.07,184650.45,22146
922fb35e-148d-9e82-7e65-bfa05e3b3515,1986-12-19,,999-74-7973,S99994468,X24797020X,Mrs.,Agnes294,Laree109,Weber641,,Muller251,M,white,nonhispanic,F,Newburyport  Massachusetts  US,324 Reinger Highlands Apt 29,Grafton,Massachusetts,Worcester County,,00000,42.2478081602492,-71.65074972716741,233114.29,447062.13,149894
f95a6723-14a5-c4b6-78df-fa97f7ab361c,1986-08-23,,999-46-9505,S99923055,X58669670X,Mrs.,Roxann426,,Sauer652,,Bosco882,M,white,nonhispanic,F,Springfield  Massachusetts  US,632 Halvorson Rapid Apt 32,Mansfield,Massachusetts,Bristol County,,00000,42.05025821414531,-71.26530895738023,168714.26,945777.86,696664
7b06ee52-df9a-8487-0be6-dff27cc7d519,2001-08-06,,999-74-6657,S99980063,X04162800X,Ms.,Ressie457,Eneida722,Nader710,,,,white,nonhispanic,F,Hamilton  Massachusetts  US,285 Weissnat Park,Attleboro,Massachusetts,Bristol County,25005,02703,41.90651572209241,-71.33004477600963,117311.48,227917.21,137480
b6a1cac9-8873-36a7-e726-4aad8a07d44d,1993-04-14,,999-64-3707,S99982762,X68965659X,Mr.,Renaldo199,,Crist667,,,M,white,nonhispanic,M,Boston  Massachusetts  US,1055 Miller Vale,Needham,Massachusetts,Norfolk County,25021,02492,42.26122529424496,-71.26130415300472,12016.94,811133.10,4325
4aaa0001-3832-cc52-e2f3-47aad08f4284,2006-02-05,,999-38-1206,S99917313,X07904299X,Mr.,Marvin195,Minh326,Weissnat378,,,,white,nonhispanic,M,Cordaville  Massachusetts  US,785 West Meadow Unit 75,Lawrence,Massachusetts,Essex County,25009,01840,42.661351921050525,-71.19375948211975,3934.28,71414.54,16471
f32a088b-988b-d7d5-008b-89ea4ed1fc48,2006-08-16,,999-97-4202,S99995836,X22879581X,Mr.,Wayne846,Norris589,McLaughlin530,,,,black,nonhispanic,M,Worcester  Massachusetts  US,1090 Crist Spur Suite 38,Cambridge,Massachusetts,Middlesex County,25017,02140,42.352797605821735,-71.13017025866257,10707.76,696250.54,10954
d20bc0bc-3051-ae6f-f391-ceec7ec0370f,2010-03-24,,999-62-3335,S99968511,,,Lavette209,Cathrine584,Kozey370,,,,white,nonhispanic,F,Lawrence  Massachusetts  US,976 Kilback Lodge Apt 46,Somerville,Massachusetts,Middlesex County,25017,02143,42.43372945231455,-71.12951030106568,6374.31,675030.29,21963
7512bbb4-b22b-0979-6edc-389e16607ac7,2025-02-23,,999-53-5755,,,,Tamie596,Joi660,Herzog843,,,,black,nonhispanic,F,Holden  Massachusetts  US,256 Fritsch Pathway,Chicopee,Massachusetts,Hampden County,25013,01013,42.20762223444945,-72.51757750751571,400.00,5321.48,30756
080b069b-5108-46b6-ecef-6aacd3b9ef3f,1966-11-22,,999-85-1223,S99919344,X93075604X,Mr.,Chester802,Richie600,Aufderhar910,,,M,white,nonhispanic,M,Lynn  Massachusetts  US,314 Robel Quay,Wareham,Massachusetts,Plymouth County,,00000,41.806103226129906,-70.67818221486861,14212.42,852564.68,23280
5c39a9da-6fb0-3cbb-0181-add875529d46,2011-03-31,,999-45-8329,,,,Edmond919,Benito209,Ferry570,,,,white,nonhispanic,M,Barnstable  Massachusetts  US,1065 Hamill Center Suite 34,Arlington,Massachusetts,Middlesex County,25017,02476,42.42077071107171,-71.13942291478861,29337.30,21254.01,60549
f999ef25-a612-87c9-206f-aacc9d469dc8,1925-09-18,2018-03-07,999-72-2237,S99947522,X47215656X,Mrs.,Evangeline16,Lissa828,Ziemann98,,Beatty507,M,white,nonhispanic,F,Lawrence  Massachusetts  US,947 Davis Row Unit 64,Franklin,Massachusetts,Norfolk County,25021,02038,42.11228653201784,-71.3958922754657,86022.00,1510529.96,18756
6aed9210-c500-4375-b0fc-3374c40b8591,1965-07-08,,999-77-1968,S99978054,X10602737X,Mr.,Lyman173,,Runte676,,,S,white,nonhispanic,M,Quincy  Massachusetts  US,784 Strosin Hollow,Yarmouth,Massachusetts,Barnstable County,,00000,41.65904472422945,-70.27041725336747,151802.82,18690.26,42610
79021b82-f370-50bb-c5a1-7333816d683f,2013-03-20,,999-95-8494,,,,Evette961,,Farrell962,,,,white,nonhispanic,F,Worthington  Massachusetts  US,1030 Lehner Branch,Malden,Massachusetts,Middlesex County,25017,02155,42.40649311093212,-71.02556291693962,44381.63,82340.33,41107
6f45f2e9-a617-570a-8867-dec1260088bb,2013-06-27,,999-43-6844,,,,Carey440,Theo630,Mraz590,,,,white,nonhispanic,M,Boston  Massachusetts  US,343 Feeney Terrace,Lunenburg,Massachusetts,Worcester County,25027,01462,42.63124155127892,-71.70650736593358,25564.70,1080.93,41535
26aa011e-0d75-d1a3-3c5a-560a9450cc9d,2010-04-04,,999-88-4732,S99963515,,,Jesse626,Roosevelt595,Wolf938,,,,white,nonhispanic,M,Worcester  Massachusetts  US,791 Lindgren Passage Apt 87,Chelmsford,Massachusetts,Middlesex County,,00000,42.57094151779865,-71.39127180250473,43591.55,15119.86,66918
a2fb233f-60e0-b477-cd38-af3923f792a3,1962-03-11,,999-43-3625,S99928646,X47338266X,Mr.,Tanner110,Amos720,Mitchell808,,,M,white,nonhispanic,M,Boston  Massachusetts  US,144 Hartmann Viaduct Apt 57,Amesbury,Massachusetts,Essex County,25009,01913,42.89434519466137,-70.98429749490316,132855.38,34547.30,32449
75d6a35c-c2e1-5b9f-e7f8-6a5b05af8fc8,2013-02-01,,999-44-7679,,,,Hiram237,Abraham100,Batz141,,,,white,nonhispanic,M,Falmouth  Massachusetts  US,433 DuBuque Estate,Upton,Massachusetts,Worcester County,25027,01568,42.17105918362091,-71.64104395951323,26324.14,34631.20,161960
5e7ebf2c-22ec-a89b-53ab-38edddd81be9,1973-08-05,,999-51-2537,S99913666,X68172238X,Mrs.,Rosalba160,,Effertz744,,Larson43,W,white,nonhispanic,F,Wakefield  Massachusetts  US,1071 Rau Run Suite 89,Easthampton,Massachusetts,Hampshire County,25015,01027,42.33493367095153,-72.74444248366598,848245.23,120428.08,36201
47d390c6-a1a2-1a80-dd1d-9722c7b24159,2009-03-07,,999-48-4421,S99999570,,,Demarcus108,,Jones311,,,,white,nonhispanic,M,Gardner  Massachusetts  US,571 Hills Highlands Apt 93,Groveland,Massachusetts,Essex County,,00000,42.75571130132746,-71.05777902178957,37054.78,54295.21,157143
d3cb6736-0991-40ed-a220-7c714aba4c37,1982-08-01,,999-18-9450,S99970628,X22773888X,Mr.,Tristan353,Josh874,Reichel38,,,D,white,nonhispanic,M,Raynham  Massachusetts  US,1089 Casper Branch Apt 85,Burlington,Massachusetts,Middlesex County,25017,01730,42.5307188102959,-71.15633262385516,104423.86,9897.99,130944
d57841fa-c9e2-a3d1-0e78-09bdbe4eed66,1965-07-19,,999-78-2116,S99928387,X04746446X,Ms.,Jessica140,Susannah249,McKenzie376,,,S,white,nonhispanic,F,Pittsfield  Massachusetts  US,891 Mraz Bridge Apt 79,Rockland,Massachusetts,Plymouth County,,00000,42.10199239245121,-70.88759784295742,175973.24,128358.67,145475
2de4dd0d-f665-8a2e-4c6b-997735e14ace,2002-10-19,,999-50-9887,S99972958,X44944849X,Mr.,Aron520,Gary33,Hammes673,,,,white,nonhispanic,M,Worcester  Massachusetts  US,793 Mayert Lodge Unit 44,Williamstown,Massachusetts,Berkshire County,25003,01267,42.72551449334875,-73.2719383343828,5821.81,85582.66,21658
7c913488-8c54-7aa0-a452-83dbc3ad8377,2012-01-13,,999-65-4697,,,,Dian810,Valda518,Kiehn525,,,,white,nonhispanic,F,Waltham  Massachusetts  US,974 Langworth Station,Fall River,Massachusetts,Bristol County,25005,02747,41.708919287195464,-71.15822978508461,24532.87,20529.41,39886
dd9da64b-7b38-4f91-e75d-b1268dde60d4,1987-01-26,,999-51-2949,S99996436,X33623141X,Ms.,Donnetta255,Alexandria361,Jenkins714,,,S,black,nonhispanic,F,Plymouth  Massachusetts  US,684 Welch Arcade Apt 38,Newbury,Massachusetts,Essex County,,00000,42.755623461497834,-70.84243591079736,15568.57,924673.88,80611
7811dc30-8c86-8164-6c33-6b6f464745ef,1970-04-21,,999-38-9284,S99936898,X50019336X,Mrs.,Mignon230,,Rau926,,Towne435,M,asian,nonhispanic,F,Haiphong  Kiến An  VN,250 Moen Underpass,Boston,Massachusetts,Suffolk County,25025,02151,42.2493184322369,-71.04883958043074,224373.41,1296385.98,867330
322ab5c6-5846-ac1e-38cc-48b8cb441e20,1965-02-26,,999-64-4805,S99920221,X08771672X,Mrs.,Lena684,Charlott617,Cummings51,,Williamson769,D,white,nonhispanic,F,Dedham  Massachusetts  US,936 McKenzie Key Suite 0,Stoneham,Massachusetts,Middlesex County,25017,02180,42.44363878608946,-71.13029745210538,15384.21,638154.31,12730
05cc86a0-2d98-b046-790a-211fd9e1ea92,1925-09-18,,999-59-1294,S99911212,X92100010X,Mrs.,Carita426,,Grady603,,Bode78,M,white,nonhispanic,F,Wakefield  Massachusetts  US,485 Marquardt Extension,Franklin,Massachusetts,Norfolk County,25021,02038,42.10848768101638,-71.38522192984654,27911.59,1516886.06,18756
