Id,ORGANIZATION,NAME,GENDER,SPECIALITY,ADDRESS,CITY,STATE,ZIP,LAT,LON,ENCOUNTERS,PROCEDURES,NPI
4cdc0061-3d00-3f91-9297-6c32e32721c4,74ab949d-17ac-3309-83a0-13b4405c66aa,Gabriel934 Reilly981,F,GENERAL PRACTICE,881 Main Street,Fitchburg,MA,01420,42.586487,-71.80521,88,0,9999984591
fe6a6ee6-60a4-3269-bffa-eade6b063576,e09d4c49-c2ef-3b0f-9a46-3719d9219306,Jules135 Emard19,M,GENERAL PRACTICE,60 HOSPITAL RD,LEOMINSTER,MA,014533290,42.54031915,-71.76312990486304,6,0,9999990390
f26c65c1-2c0b-325e-b07c-34759ad23ce9,c241b977-4131-32e4-9957-e0a00b2a1e5f,Kip442 Krajcik437,M,GENERAL PRACTICE,94 MAIN STREET,HYANNIS,MA,026013146,41.6562802,-70.27448000204822,2,0,9999982199
4aeed18f-2b78-35ae-8259-348c4dcf9d63,ef5390b4-cba5-3d83-96db-af783a7adb43,Verónica383 Espinoza81,F,GENERAL PRACTICE,360 MERRIMACK ST,MALDEN,MA,021482329,42.4250964,-71.066163,1,0,9999907394
2a9d114f-f23c-3ddc-a3b0-c2526baa53d9,77645e49-3f69-3d1d-bb93-dc65210e2fac,Vella930 Ankunding277,F,GENERAL PRACTICE,363 HIGHLAND AVE,FALL RIVER,MA,027205246,41.7093779,-71.1460783680883,11,0,9999995696
7058ce7d-87c5-30c1-943b-884da0e28411,ab701a70-a658-340e-8f69-ee196a7d40c6,Jolie499 Parisian75,F,GENERAL PRACTICE,484 RTE 134,WORCESTER,MA,016071728,42.2625621,-71.8018877,6,0,9999939991
7d606b92-6b5b-3ea7-8440-00285e0e31c2,11ba6a26-59b4-3728-a268-6dc9929962b4,Angelic427 McCullough561,F,GENERAL PRACTICE,200 GOVERNORS AVENUE,MEDFORD,MA,021551644,42.42711615,-71.1121606632448,15,0,9999894790
1c802632-2ff8-37c1-9c38-167c7ecdae17,fa564970-fde4-332c-91d9-c0747b032d3e,Jennefer743 Hudson301,F,GENERAL PRACTICE,34 SOUTH LINCOLN STREET,NATICK,MA,017606049,42.2731232,-71.3105334275248,12,0,9999899591
b9fcf332-1b3b-3b27-9f5b-f92887d66e12,f945589f-88aa-366b-9e9d-2418d091112d,Ulysses632 Ziemann98,M,GENERAL PRACTICE,105 ERDMAN WAY,LEOMINSTER,MA,014531805,42.54685255,-71.75737313871981,22,0,9999952598
0b18bf36-d786-30c9-a040-ad965e438f66,7f08f09e-c5f7-38cd-83ba-ddafedd88a13,Shayne60 Pacocha935,M,GENERAL PRACTICE,133 SALEM ST,REVERE,MA,021511114,42.43833805,-71.01730877599738,2,0,9999869594
574e6744-015b-33b7-b349-61b913e40d6d,5fcff9db-16e4-3e56-aa78-abbc16338097,Marcus77 Schamberger479,M,GENERAL PRACTICE,295 VARNUM AVE,WESTFORD,MA,018863513,42.5792583,-71.4378411,167,0,9999994798
99a805d6-1928-369e-851a-247ca511f8c7,1ddd51d1-7297-3c3b-bad5-98aecd5e4a79,Dinah304 Kub800,F,GENERAL PRACTICE,127 CAMBRIDGE STREET  SUTIE #2B,BURLINGTON,MA,018033735,42.50188325,-71.19559351572005,10,0,9999922690
030a849f-611a-3027-92a1-f0177fd46a2a,b66db758-a205-3227-9cfb-bf19d2c1962d,Jamal145 Stroman228,M,GENERAL PRACTICE,121 HARVARD AVENUE  2ND FL,ALLSTON,MA,021342702,42.35241825,-71.13220132573996,3,0,9999933697
474a3096-fa07-3506-b655-9829ee106aed,e49b692f-cccc-3cd5-93df-6db63dfc3e4a,Rolland302 Lemke654,M,GENERAL PRACTICE,1250 HANCOCK ST STE 104N,QUINCY,MA,02169,42.2517569,-71.0033967,15,0,9999960898
91614bdd-6662-3c7e-9bc5-353f9519511f,609ec9f1-e806-3427-b912-9e3b2915521d,Terence292 Conn188,M,GENERAL PRACTICE,575 BEECH STREET,HOLYOKE,MA,010406604,42.20105435,-72.628169560868,23,0,9999933390
913774ea-9110-3395-8cfd-8adb76deae2c,bf556284-7513-3620-a10e-5393183a9a87,Tabatha105 Roob72,F,GENERAL PRACTICE,795 MIDDLE ST,FALL RIVER,MA,027211733,41.6924092,-71.16345107025307,26,0,9999985994
d7d36f49-2103-3d45-a53b-84e5cd7b46df,4ffa4412-1493-3beb-b8f0-6614dde953a4,Harland508 Ryan260,M,GENERAL PRACTICE,363 HIGHLAND AVENUE,WAREHAM,MA,025715011,41.745636,-70.658192,123,0,9999995795
461c5469-1fd3-3b17-bd13-91a1c9a1bb4f,a14e698d-a9ba-3eae-9c8b-682ec726433d,Karla801 Cummerata161,F,GENERAL PRACTICE,776 WESTERN AVE,LYNN,MA,019052408,42.466763,-70.9494939,13,0,9999937995
579ef4c4-c3da-383e-8343-9a5edaf1b474,7f26da64-69ab-3db4-b285-c48c9836a653,Frances376 Hansen121,F,GENERAL PRACTICE,500 WENTWORTH AVE,LOWELL,MA,018524937,42.631409,-71.283668,1,0,9999870493
88cfc5a3-3a95-3a11-9191-51fe09e14a44,5ba6765a-f335-36b0-9c6a-6bb494c5330d,Sasha806 Schamberger479,F,GENERAL PRACTICE,31 OLD ROUTE 7,WESTWOOD,MA,020902333,42.2139873,-71.2244987,4,0,9999938795
08403944-09b3-3cf1-814d-802daca50c74,b6eeaaf7-1683-3bcb-b6ee-81ce304636ef,Zachery872 Pagac496,M,GENERAL PRACTICE,170 GOVERNORS AVE,MELROSE,MA,021763225,42.4564323,-71.064182,116,0,9999989095
2cd991c8-706a-328a-8695-ce9c3919246b,14932db8-e179-331d-98ad-dc1c352cb6d3,Wm806 Barrows492,M,GENERAL PRACTICE,743 MAIN ST,MELROSE,MA,021762707,42.460108950000006,-71.06216841036309,1,0,9999876193
916072a7-b935-3895-b35c-199edd968c57,d613e441-68e8-3502-8adb-3f770a1276bf,Colin861 Witting912,M,GENERAL PRACTICE,114 WATER ST,MILFORD,MA,017573007,42.13661855,-71.53474614336832,11,0,9999960096
6122bdc4-1b00-3263-9b76-a5b104991e0d,de29a374-221b-3cb4-8051-a02c1a35e5b7,Morgan564 Marvin195,M,GENERAL PRACTICE,562 WASHINGTON ST,SOUTH ATTLEBORO,MA,027036942,41.912892049999996,-71.36135809627689,29,0,9999964791
facc4e92-8709-3cdf-a806-949390bf0b66,d3085315-9893-34c7-8889-3a31dc17c2b0,Zachery872 Rau926,M,GENERAL PRACTICE,1428 MAIN ST STE 7,WALPOLE,MA,020811729,42.1325911,-71.2618886,90,0,9999948794
b27b8767-0d39-3e46-9d8b-ffe46e599750,18061fd5-fda8-3e2d-87f0-0f3c87211bcc,Omer483 Koepp521,M,GENERAL PRACTICE,1493 CAMBRIDGE ST,SOMERVILLE,MA,021431408,42.3875968,-71.0994968,234,0,9999992792
4e0d6871-7700-3e2d-8544-138bc2da533b,a2b4aab1-3117-3d51-81d3-81c0ed9ad6f4,Ezequiel972 Kertzmann286,M,GENERAL PRACTICE,34 SCHOOL ST,FOXBOROUGH,MA,020352318,42.06467495,-71.25151295640843,35,0,9999927590
3c0c59e5-5eb0-3263-9174-4b000cc181af,76281d34-caff-30e0-8545-bcdf33182109,Jane262 Schmeler639,F,GENERAL PRACTICE,500 WILBUR AVENUE,SOMERSET,MA,027252051,41.72075205,-71.16843052114558,3,0,9999888396
4387e580-75e4-3828-8e00-f75b300bcec8,acffdfa8-1383-3929-8c99-e73969491439,Iva908 O'Keefe54,F,GENERAL PRACTICE,1153 CENTRE ST,BOSTON,MA,021303446,42.3017598,-71.12855793387442,7,0,9999992297
879e5a48-64de-3f86-8f9d-dd766580208c,fe30f2b4-9bc8-346e-afba-4455d1766545,Georgetta870 Turner526,F,GENERAL PRACTICE,17 LAFAYETTE AVENUE,CHELSEA,MA,021502010,42.40019115,-71.03050082480353,5,0,9999885897
443ca9c8-a5fd-33ee-ac45-138ecbb03fd9,0fedae9f-701f-3317-9b2f-69aea2202cdc,Willian804 Batz141,M,GENERAL PRACTICE,88 EAST NEWTON STREET,WINTHROP,MA,021522715,42.3750976,-70.982827,88,0,9999993998
9f5bc9d7-ffdb-3522-87ac-e4a0b9bf0c29,0cc04ba5-137a-3ef8-acda-e79b25960b2a,Fallon874 Homenick806,F,GENERAL PRACTICE,25 ADAMS ROAD,WILLIAMSTOWN,MA,012672928,42.7009605,-73.18515951851253,4,0,9999887398
7f884c27-ab05-33ca-a594-da8d3f09e8bb,86bbc3aa-e927-3d56-9d77-ab701b4b2926,Lucien408 Howe413,M,GENERAL PRACTICE,538 ROBESON STREET,FALL RIVER,MA,027205496,41.707225,-71.1432141111111,12,0,9999893792
d04f5104-4a2d-31f9-b477-dd32894f3c77,7a3b8310-02eb-3c47-aa1b-3f55b3ed9de9,Leif534 Dare640,M,GENERAL PRACTICE,6 HATFIELD ST,NORTHAMPTON,MA,010602545,42.333172950000005,-72.6566355591273,6,0,9999940098
336e3466-f491-345e-8fa2-453bfdd4b178,440fa4b8-c731-3cf5-81d9-aa3f30a37b95,Bennie663 Abbott774,M,GENERAL PRACTICE,41 & 45 MALL ROAD,PEABODY,MA,019602901,42.5278731,-70.9286609,233,0,9999996793
7f98e33d-49dd-3581-bcbf-fb21ed39dadb,0fab3c4e-a028-39a6-b15a-be5a88b6aa2a,Cletus494 Paucek755,M,GENERAL PRACTICE,222 STATE STREET,LUDLOW,MA,010563437,42.15547415,-72.47222226666076,2,0,9999996892
9e6845c5-3cc3-383f-8219-5e716ee6c5e4,b0016371-afcb-37a6-8f90-5e3786e7806f,Shella455 Toy286,F,GENERAL PRACTICE,629 SALISBURY ST,WORCESTER,MA,016091120,42.2932691,-71.8390048,1,0,9999901199
bfb4b02c-ab68-379e-9ad2-1b8b20843da0,3b021cb6-4745-3d9d-8436-230055f770bd,Eleni953 Franecki195,F,GENERAL PRACTICE,148 CHESTNUT ST,NEEDHAM,MA,024943238,42.27728075,-71.23665362814043,214,0,9999999193
14c53acf-697d-39e1-a25c-96059ba1d92e,c92cc255-6778-3307-8092-987d667be4ce,Merle11 Bogisich202,M,GENERAL PRACTICE,89 FOSTER ST,PEABODY,MA,019608925,42.5278731,-70.9286609,57,0,9999974691
71f5da2f-54a7-3597-8713-c68fd5027754,ad82d624-72eb-3c7d-a76d-79f2668d1390,Georgianne697 Howe413,F,GENERAL PRACTICE,3 WOODLAND RD,STONEHAM,MA,021801711,42.452443099999996,-71.08939988105112,72,0,9999956292
2faa2f77-beac-360e-b621-f3a5f2fb41dc,b8421363-9807-3b16-a146-95336eea5cfb,Saundra460 Kuphal363,F,GENERAL PRACTICE,30 LOCUST ST,NORTHAMPTON,MA,010602052,42.33032115,-72.65330802608176,348,0,9999988493
1774a7c6-ef2c-3f09-9a20-5913a78df476,3498e7d3-90fd-366b-bc6a-6f41dad6bae6,Pat3 Bradtke547,M,GENERAL PRACTICE,112 WEST MAIN STREET,NORTHBOROUGH,MA,015321824,42.318559050000005,-71.65097281611972,14,0,9999888990
06592ee4-b73c-386b-ada9-60d7aed150ef,945104f1-4b95-3eed-bd02-5efa0afbf34d,Randolph418 Keebler762,M,GENERAL PRACTICE,20 CENTRAL AVE # 506,LYNN,MA,019011201,42.46410018181818,-70.9465129090909,2,0,9999905190
2c8ec5e7-89c0-30ec-b8b3-949bbb1646ca,fbd4ccdf-2fdb-3652-9bbe-1ccff886bd34,Jermaine675 Collins926,M,GENERAL PRACTICE,320 CENTRAL STREET  UNIT A2,SAUGUS,MA,019062372,42.4632069,-71.0093761,5,0,9999923797
d69b8c7d-b479-31f1-abaf-1485066bd057,901c2d40-1ca3-3879-9a20-c663b8adc0a9,Chanelle850 Schuster709,F,GENERAL PRACTICE,800 WASHINGTON STREET,STONEHAM,MA,021802445,42.4863168,-71.0928919,151,0,9999998898
3c7b16e9-4733-31b0-9e0c-4e51c43d6632,6170552c-4d27-3e64-8068-64a380f1837d,Jackelyn13 Pacocha935,F,GENERAL PRACTICE,76 SUMMER ST,HAVERHILL,MA,018305814,42.7786873,-71.07306505177553,113,0,9999988097
5063d586-469d-315b-8bd6-832af0ca3101,22249c0a-8ce9-3726-a3bb-b037c773ce5c,Thaddeus38 Sauer652,M,GENERAL PRACTICE,337 NEPONSET AVENUE,DORCHESTER,MA,021223103,42.2875144,-71.0470691675753,17,0,9999887992
f1517303-3e74-3593-9ca7-f3d3c051217f,2f735290-1603-31b5-b561-7c8e0d413170,Amado512 Adams676,M,GENERAL PRACTICE,100 FOXBOROUGH BLVD STE 230,FOXBOROUGH,MA,020352878,42.041851949999995,-71.23486657070565,48,0,9999941997
a2450362-bb40-3531-98b7-1bab940fc7cc,328f813e-4de8-3ec2-a113-43f3ddfb0b2a,Victoria535 Roob72,F,GENERAL PRACTICE,30-40 WESTPARK STREET,BROCKTON,MA,023015241,42.0834335,-71.0183787,24,0,9999942797
5040d0a1-d250-3f74-84aa-7d7143e38a61,200746fc-5d0f-3ec7-a2a9-3d9a219ee139,Arlen68 Rippin620,M,GENERAL PRACTICE,800 CUMMINGS PARK  SUITE 3100,WOBURN,MA,018016355,42.4977745,-71.1237712,5,0,9999908194
7ccf268b-3d70-3158-8452-f2e8af0b3a07,dd3307db-114c-3f11-be44-a9eef6bb3fc5,Daniel959 Casárez469,M,GENERAL PRACTICE,269 UNION STREET,LYNN,MA,019011201,42.4652772,-70.94362420273097,25,0,9999977793
45a466e9-6e4e-3d96-8f06-2dd3b9557e43,5018c664-e283-30eb-932a-529d9a19b3b5,Beatriz277 Monroy712,F,GENERAL PRACTICE,300 SOUTH ST,WOBURN,MA,018014979,42.473347,-71.144086,239,0,9999995399
2a0ec4bb-4e63-34da-babc-caad8888ea83,d4e48a16-0a60-3e90-81e5-c35b22ffe6af,Elmer371 Kutch271,F,GENERAL PRACTICE,856 STATE RD,NORTH ADAMS,MA,012473027,42.69967208677275,-73.16330754755236,2,0,9999937797
28ea5e9d-a47a-34e3-84e6-3f28fa072581,b53dc1b7-43b0-3c43-a73f-304165633a59,Junior695 Leffler128,M,GENERAL PRACTICE,63 MAIN ST,HYANNIS,MA,026013202,41.6562005,-70.27336188244256,51,0,9999958298
6d97d304-f9f9-303b-bad6-314e475ea439,39c15c0f-5c49-311e-99d2-1fb99d80e06e,Salvador46 Homenick806,M,GENERAL PRACTICE,398 NEPONSET AVE,DORCHESTER,MA,021223134,42.286764399999996,-71.04402811508834,26,0,9999977496
b0eb176b-4034-3707-8369-eb54d735d48e,bccd7d67-203c-3d93-b6b0-bff5a146cd1d,Courtney281 Kihn564,M,GENERAL PRACTICE,286 WASHINGTON ST,STOUGHTON,MA,020721763,42.1384306,-71.1022598,11,0,9999939694
dd081493-f1af-3f7d-9743-7ee9ac0b4ac4,63cb4d95-04a9-3a35-b5d9-f89e0377a48d,Chu728 Weber641,F,GENERAL PRACTICE,211 PARK ST,ATTLEBORO,MA,027033143,41.9419187,-71.2752081695297,162,0,9999996090
05b9a6a2-b10e-3f54-bd56-a8a7b585b816,45e64170-207e-3786-b970-76fca7a5691b,Henriette328 Hilpert278,F,GENERAL PRACTICE,50 INDIAN NECK RD,WAREHAM,MA,025712174,41.7539753,-70.69890130810117,1,0,9999873893
69c371dc-8f1d-385b-8eec-f2ad792a27b5,db28cc9a-fdfb-35a6-aef7-ab9b933ef244,Judy192 Gleason633,F,GENERAL PRACTICE,8 DANA STREET,CAMBRIDGE,MA,021385402,42.3694992,-71.11011030010101,58,0,9999890293
933688f3-bb3c-308b-8be1-0a7b36fd19c4,4e3c60e6-dbed-32c3-9b03-767d7fbc82b0,Gordon377 Lind531,M,GENERAL PRACTICE,222 RIVER RD,LEEDS,MA,010539783,42.364084399999996,-72.70745188531934,1,0,9999879890
c8560e1c-ece5-3cfe-be68-17bfc050088d,9d0e702d-50a0-3f4c-9126-0951d560fd4b,Otha286 Roberts511,M,GENERAL PRACTICE,189 MAY ST,WORCESTER,MA,016024339,42.25986305,-71.83597786023279,22,0,9999999292
a7ea42cf-047d-32f3-b185-a8ee8d54d208,c7542447-e06e-32cb-b6db-243c23a0dbc2,Chantell995 Krajcik437,F,GENERAL PRACTICE,30 WARREN ST,BOSTON,MA,021353602,42.3501483,-71.14393324457691,97,0,9999991695
3cd72f99-134f-36d3-bcd4-e7f8fea96106,50c47685-8125-3c50-8311-8bd7ba9e9108,Kirby843 McKenzie376,M,GENERAL PRACTICE,4199 WASHINGTON ST,ROSLINDALE,MA,021311733,42.2871447,-71.1277526,19,0,9999965194
bc8535ba-9a0d-380f-9f99-e597acdec1d1,f8918a95-31e8-3ac4-8d12-29ca6080ebda,Rudolf736 Vandervort697,M,GENERAL PRACTICE,199 REEDSDALE RD,MILTON,MA,021863926,42.251368299999996,-71.0768393856917,220,0,9999997890
f5bc11cd-d51c-3062-9e41-c71598f13710,8d5880eb-1dd8-31ea-b7c5-21709f3bb341,Nicholle822 Satterfield305,F,GENERAL PRACTICE,50 ROWE ST,MELROSE,MA,021763201,42.4592093,-71.06078096379728,69,0,9999958991
3a6970c5-3d09-39d3-abf6-ba8e3591b05a,a6964d47-8af0-3df2-b99d-d8414eb1cfa3,Maricarmen445 Delafuente833,F,GENERAL PRACTICE,200 MAY ST,SOUTH ATTLEBORO,MA,027035520,41.924394750000005,-71.36076410900014,870,0,9999991596
7560087d-db5b-35e9-a578-695d78eb0e7d,a7b047dd-186a-32de-8187-b0853c05aed6,Melida518 Mayert710,F,GENERAL PRACTICE,180 LOW STREET,NEWBURYPORT,MA,019503519,42.815683050000004,-70.89666045994463,3,0,9999883793
f8d6b8de-8e3c-373c-b3e9-3297d4207f50,dac75bc1-cbfa-306b-9a0a-88d5edf3638d,Henry768 Ebert178,M,GENERAL PRACTICE,170 COREY ROAD,BRIGHTON,MA,021358244,42.3433093,-71.14003855124017,3,0,9999878397
8a13b8f0-6fd6-3333-a21c-b7d6c5349e7b,371948e4-733a-33b6-a835-68abefdeb59f,Lola232 Orosco477,F,GENERAL PRACTICE,197 ADAMS RD,WILLIAMSTOWN,MA,012672930,42.704126099999996,-73.19043030392987,29,0,9999972299
2b65f380-9287-39ac-8bbc-f39f40538939,92d919ab-8380-3fda-a5f1-838e69b819c1,Jarrett354 Gutmann970,M,GENERAL PRACTICE,300 TRADECENTER STE 4750,WOBURN,MA,018017420,42.4994143,-71.161659,37,0,9999955591
02ede538-90da-3827-aacd-cf286d83b781,44cb1162-a345-3477-8723-c202a3c8cdcd,Shaquita282 Graham902,F,GENERAL PRACTICE,73 W MAIN ST,HOPKINTON,MA,017481619,42.21799145,-71.54005509979045,22,0,9999958397
da139fd4-1ed2-30bb-b9ff-b4cc0b2d7583,0d7ef8ee-4e45-3b40-9f2b-f558dce71574,Douglas31 Kuhlman484,M,GENERAL PRACTICE,200 BOYLSTON ST,CHESTNUT HILL,MA,024672008,42.318869649999996,-71.17524247213663,24,0,9999952697
725403f8-3411-37e6-902b-47faf7930fc4,f312977e-8f41-3816-84cc-e5b12ba36955,Eldora89 Langosh790,F,GENERAL PRACTICE,1153 CENTRE ST,JAMAICA PLAIN,MA,021303446,42.3017598,-71.12855793387442,24,0,9999997296
8b153439-f766-3bf7-b859-77cefa22e5c6,0519b293-2e92-3eb3-aeef-233da0babc93,Joslyn677 Friesen796,F,GENERAL PRACTICE,40 PARKHURST ROAD,CHELMSFORD,MA,018241511,42.6198215,-71.36189212971482,2,0,9999894493
6d8114ff-ee21-3395-9b52-a2c93583ef50,e34d8448-8b98-3f91-9fe7-faeb8a78e1db,Gordon377 Monahan736,M,GENERAL PRACTICE,NEW ENGLAND SINAI HOSPITAL,MILTON,MA,021862377,42.2501425,-71.065573,64,0,9999960492
8a592688-ea98-3b84-ad7b-66309c72a664,a2d45ee8-b930-3169-b612-f602961ad212,Valentine262 Leannon79,M,GENERAL PRACTICE,37 MINUTEMAN WAY,SHREWSBURY,MA,015452229,42.288207,-71.73443816915585,48,0,9999949198
ec85e8d0-7d0d-3c6a-b0b9-3db64c3c684b,10ffe7b1-2f94-3f12-9288-679da05a1ec9,Odessa199 Hintz995,F,GENERAL PRACTICE,133 LITTLETON RD,WESTFORD,MA,01886,42.57056335,-71.41736646422413,25,0,9999971598
ee234636-c76a-39c5-9cfe-1b331336648e,4fa643ae-1f58-3c2e-9f33-0ba56345ad10,Sharyl439 Williamson769,F,GENERAL PRACTICE,361 MAIN ST,WAREHAM,MA,025712153,41.761384899999996,-70.71911431737183,52,0,9999946996
764231e7-ec1f-31e1-bdaa-afb10c179a03,e98ef46c-e94c-34bc-9cf5-134d8ddcbac5,Jamey282 Olson653,M,GENERAL PRACTICE,10 EMORY ST,ATTLEBORO,MA,027033002,41.9447388,-71.27972821642685,1,0,9999908590
b5662273-3599-3989-b437-4dac22765010,fa34d205-5ac2-3ba2-80a4-bef345dc57f5,Lamar193 Daniel959,M,GENERAL PRACTICE,37 BROADWAY,ARLINGTON,MA,024745552,42.408086,-71.135914,1,0,9999904490
f7b4f461-614e-3f99-83dc-95f342fee4bc,fb4a08b8-57ee-382b-b3cb-43d94f1bb4c0,Theo630 Hammes673,F,GENERAL PRACTICE,1010 SOUTH MAIN STREET,FALL RIVER,MA,027242855,41.690775450000004,-71.16515282264554,34,0,9999975094
80105dcb-84c9-31be-824e-c7330b4ea970,3d5fbf38-c781-3e04-8c7e-5a402611b7d4,Vito638 Barton704,M,GENERAL PRACTICE,260 ELM ST,SOMERVILLE,MA,021442951,42.3955992,-71.1227391,86,0,9999963991
6b1e40e7-e9cc-372f-909b-e3294de8b800,d6b03647-983f-3162-af9e-b12aea026f13,Son314 MacGyver246,M,GENERAL PRACTICE,65 NEWBURYPORT TPKE,NEWBURY,MA,019501199,42.7891081,-70.87774011339009,48,0,9999955799
a98bc6d3-f729-3d5d-8324-620f6c4368c4,94ac48ba-e215-3ab9-ba88-a0b926d29cef,Barton704 Hahn503,M,GENERAL PRACTICE,300 WINTHROP STREET,MEDFORD,MA,021552311,42.421527,-71.11834,19,0,9999885798
1e9c0f8d-395b-3899-b9ed-492a72ec4b35,0334ad53-5d57-384e-a411-63b075139c06,Silas208 Stamm704,M,GENERAL PRACTICE,66 CENTRAL STREET,EAST BRIDGEWATER,MA,023331913,42.03160525,-70.9572577506426,11,0,9999883397
c22057c5-b87e-308e-9019-a238972333e1,8ce066ae-10ad-3679-9272-387e8cb21947,Dane516 Tromp100,M,GENERAL PRACTICE,3 CHERRY ST,NEWBURYPORT,MA,019503928,42.80038345,-70.87664535540449,17,0,9999966796
f9e6edb8-1d34-3d21-b6d8-3f43e5d78c3f,f438b8e0-d856-328a-b193-2b014fc4cb97,Karri995 Reinger292,F,GENERAL PRACTICE,981 VARNUM AVENUE,LOWELL,MA,018541913,42.64591185,-71.36487149058269,7,0,9999894691
6728b511-315c-3f51-8e4d-ec4459402e59,936ceb96-2b12-371f-aa68-ee02a9c06f4c,Eddie505 Keeling57,F,GENERAL PRACTICE,225 BOSTON ST,LYNN,MA,019043124,42.470497449999996,-70.96003668151566,85,0,9999964395
043bdc57-46f9-3460-94d7-dd5b3809e634,7b7ce654-a413-37d1-9d34-97240c0ac580,Liberty95 Kihn564,F,GENERAL PRACTICE,1 WRENTHAM ST,BELLINGHAM,MA,020192532,42.025037350000005,-71.48945118224057,45,0,9999938092
f53af4db-fcab-3b42-ac08-6d34ec34f506,880c8804-deb0-35b0-9132-06950118b8b3,Sherron201 Flatley871,F,GENERAL PRACTICE,150 LINCOLN STREET,NEEDHAM,MA,024922914,42.2743931,-71.23662905222776,5,0,9999883991
f7e41fbf-91de-3f2e-bd60-6ecfd7ca7ebe,fc22de59-ee81-3c32-98c4-911b8d416110,Cyrstal592 Mosciski958,F,GENERAL PRACTICE,27 GEORGE ST,ATTLEBORO,MA,027033105,41.9404181,-71.27282167023935,1,0,9999876292
406e922f-ba09-3288-992e-c25f51744c95,552ede7f-2ba4-39ef-9217-29d27b89b8a7,Shameka870 Reichert620,F,GENERAL PRACTICE,87 SHATTUCK STREET,HAVERHILL,MA,018302319,42.796917699999995,-71.05216081525802,6,0,9999888297
cc9dccc7-e904-3f2a-b17d-c6bd934e95ee,c6b019eb-28ec-36f6-abf3-bcc4d1d58966,Maren639 Aufderhar910,F,GENERAL PRACTICE,33 AVON ST,WAKEFIELD,MA,018802310,42.50403445,-71.07462951514611,40,0,9999950790
46cd1e97-9d99-3984-bbe3-4ca081538f54,06376cbe-4880-384b-b459-7ce3eef36ced,Cody889 Ratke343,F,GENERAL PRACTICE,387 QUARRY ST,FALL RIVER,MA,027231026,41.6932713,-71.1402431739568,47,0,9999982090
6832817a-6971-3221-af97-28b3b3fb8cd1,2836d9ac-c6a6-39d1-8f13-fdf0fc8928f4,Alysha630 Koch169,F,GENERAL PRACTICE,365 EAST ST,TEWKSBURY,MA,018761950,42.6069472,-71.2180803,100,0,9999994491
0b2c7807-163a-3b17-92e5-487194cca94c,a2f8d8fe-665e-390f-8b9b-efdc0b14a77c,Pearlene638 Towne435,F,GENERAL PRACTICE,161 JACKSON ST,LOWELL,MA,018522103,42.6425382,-71.3093946,44,0,9999981696
51c7c79e-aff8-34e0-8ee9-f2f8d0893ea7,e2eab39c-5195-34aa-b35f-e89e37cfed01,Miguel815 Roberts511,M,GENERAL PRACTICE,55 FOGG ROAD,WEYMOUTH,MA,021893141,42.175539799999996,-70.9539153674405,66,0,9999996595
7d9798d2-9988-3171-85e8-356a983a9551,4fa8411f-42f8-3353-8947-bf15254c9dee,Lane844 Gutmann970,F,GENERAL PRACTICE,90 GREENWOOD STREET,WAKEFIELD,MA,018804039,42.476321150000004,-71.06922169005762,21,0,9999887794
30454627-6f42-3e70-9a2f-6decfd732f31,df3f566c-97e5-31ed-b0fe-4b452666f736,Sandie760 Rodriguez71,F,GENERAL PRACTICE,300 CHESTNUT ST,NEEDHAM,MA,024922477,42.27522125,-71.23743483674366,32,0,9999952895
07c1d119-ed41-31a4-9c8e-31306c0b294f,4705a8fd-19cd-32c1-8b3e-34bcfe84d0bd,Wynell591 Mayert710,F,GENERAL PRACTICE,55 N WASHINGTON ST,NORTH ATTLEBORO,MA,027601607,41.983529,-71.332241,90,0,9999951590
4152fa95-c3f1-3d9a-93d0-1c02756bbd72,f5ccbb53-e4a0-32e5-a693-02150497a8f4,Astrid395 Huels583,F,GENERAL PRACTICE,100 HIGHLAND ST,MILTON,MA,021863881,42.250705749999995,-71.07724199194602,3,0,9999966895
4333a4f2-cbfd-3f43-9d6c-bfb02ab60c23,497f39dd-280e-3d58-af5b-c5e3a3a09b10,Arden380 Bergstrom287,M,GENERAL PRACTICE,27 PARK ST,HYANNIS,MA,026015230,41.65363635,-70.27352219234834,52,0,9999992198
1112a3b7-520c-3b63-9e45-1b985a9690ac,578b56de-fe9c-32e1-aea4-876f8bc01e9c,Ollie731 Dooley940,M,GENERAL PRACTICE,49 HILLSIDE STREET,FALL RIVER,MA,027205211,41.707406500000005,-71.14593659462452,159,0,9999994293
a209def5-9d9d-33b2-b03f-f4391ec31855,accb8cdd-6560-3fef-b0a6-f12c3295026a,Kerrie266 Bergstrom287,F,GENERAL PRACTICE,969 PARK STREET,ATTLEBORO,MA,027035115,41.9266899,-71.2611303145582,4,0,9999900290
9a81a871-0513-3bd6-8b06-a8f865f4817f,7445ae34-b648-3d3a-b8cf-0eb630061b6e,Brenton674 Pagac496,M,GENERAL PRACTICE,34 CEDAR ST STE 4,WEST ROXBURY,MA,021324338,42.2792649,-71.1494972,1,0,9999904391
38d19b14-0c82-3849-b55a-693e1b61163a,18a96051-91f4-3cba-af96-056ea14dfee0,Gaston250 Grimes165,M,GENERAL PRACTICE,25 HIGHLAND AVENUE,NEWBURYPORT,MA,019503872,42.81369325,-70.89091645747592,159,0,9999994194
5a003d68-2baf-3451-b426-8532c927a93f,c5d5a544-0277-342f-8422-d30848a82438,Adela471 King743,F,GENERAL PRACTICE,151 ROCK ST,FALL RIVER,MA,027203201,41.70365955,-71.15259151299796,23,0,9999963397
4461b56a-ce37-39ea-974f-a74cfd04a89c,c2e93fb4-abf2-3210-b6ec-4d1ecb2b76f0,Francene766 Halvorson124,F,GENERAL PRACTICE,62 BROWN ST,HAVERHILL,MA,01830,42.76512700000001,-71.04617174286321,26,0,9999944991
46d3b938-7757-37db-9ec8-62eea0eea537,1ab2b5f9-cb95-3236-beec-9b9d4a407c61,Carroll471 Eichmann909,M,GENERAL PRACTICE,725 NORTH ST,PITTSFIELD,MA,012014109,42.4600752,-73.2492795834909,27,0,9999993592
3b8ee080-0949-39ec-92c2-54f6d8386c07,07ae483b-b351-3add-8b05-afba832b88ea,Harold594 Murray856,M,GENERAL PRACTICE,5 REDLANDS ROAD,WEST ROXBURY,MA,021321506,42.2879347,-71.15108161583282,2,0,9999889790
ff34b5fa-3ca7-3b6e-aa2b-0289428c6c99,ec509895-6196-36d1-b91e-272bed7e6196,Jenae263 Veum823,F,GENERAL PRACTICE,40 ARMINGTON ST,ALLSTON,MA,021342406,42.3521617,-71.1375176,28,0,9999979898
da883b49-4d10-3f58-b092-e0bb0d61b7f7,41e2a44c-477c-3511-96f9-12c476aa3b6a,Antwan357 Lindgren255,M,GENERAL PRACTICE,85 E NEWTON ST,BOSTON,MA,021183553,42.336277100000004,-71.07085295687423,82,0,9999992396
02a75c13-6bf9-3765-b963-764c123fc01e,f00601d0-d49e-30ed-bc3e-314379f2103e,Elijah719 White193,M,GENERAL PRACTICE,490 MAIN ST,MELROSE,MA,021763841,42.4550741,-71.0654799,28,0,9999957092
5afed38d-55ee-3323-9428-1a5ed5e17189,5b0cd0a0-f277-3a66-bee6-d64b5be4a3f5,Waldo53 Hintz995,M,GENERAL PRACTICE,725 NORTH ST,PITTSFIELD,MA,012015493,42.4600752,-73.2492795834909,9,0,9999993790
da3d3408-d60e-32b2-9816-4baa75916406,b44955d1-f0e2-3beb-a013-708a81dbe430,Idella49 Runte676,F,GENERAL PRACTICE,680 CENTRE ST,WEST BRIDGEWATER,MA,023791600,42.0219112,-71.019004,49,0,9999970699
e233165f-9bba-3311-b82e-b2a74288cdd6,363631be-d437-3548-98c2-d10b909c1721,Monty345 Ferry570,M,GENERAL PRACTICE,50 MANSION DRIVE,ROWLEY,MA,019691026,42.73718535100735,-70.88053187301136,12,0,9999885699
37175afc-754e-37e8-88da-777db608ad74,c1986c0c-f756-3596-8f90-08adacf220fe,Dong972 Auer97,M,GENERAL PRACTICE,73 CHESTNUT STREET,SAUGUS,MA,019061605,42.4573919,-70.9918055,10,0,9999881599
20fef182-27b9-3043-9ba0-0df628555d23,18b1bb7e-2f93-3253-a7ae-d19c13ffeaa1,Patty600 Bashirian201,F,GENERAL PRACTICE,29 E 29TH ST,WEST NEWBURY,MA,019854201,42.8014795,-70.989778,54,0,9999946590
ffebdb3e-fac8-308a-9839-6397d124fb17,1853aeef-5897-326a-80d6-aa4b0459eb6d,Jewel43 Kassulke119,M,GENERAL PRACTICE,381 WICKENDEN ST,ATTLEBORO,MA,027032247,41.9438129,-71.2806515,2,0,9999938191
e014e3e3-692e-303e-8daf-8776725cebd5,94dda4e1-7476-367a-b1f8-37ea7f61a1b7,Chanell45 Robel940,F,GENERAL PRACTICE,145 WARD HILL AVENUE,WESTBOROUGH,MA,015811017,42.2694308,-71.6129907,136,0,9999999797
9db27bea-dd2d-31bd-909e-72c4eb3d174c,bdaa3017-130e-34e9-b3ac-ca6d992e8b50,Jesenia223 Bednar518,F,GENERAL PRACTICE,150 WATER STREET,HAVERHILL,MA,018306213,42.77508795,-71.07182802882255,3,0,9999888594
c228f320-d446-31b7-af7d-86c9399d8a7d,8a87ef73-eaa2-340a-bec5-c3cef01ef836,Raymond398 Rodriguez71,M,GENERAL PRACTICE,3 PARK DR,WESTFORD,MA,018863511,42.556814700000004,-71.43463308318695,1,0,9999868190
9e154da1-2aca-3318-9642-e5e1fc3536c8,2ca615f3-87f7-3283-a447-d919a883b676,Elizbeth263 Dickinson688,F,GENERAL PRACTICE,1399 WASHINGTON ST,HANOVER,MA,023391653,42.1441354,-70.8440854,4,0,9999940494
39e60bb0-eb05-34a2-918f-3ed686e4fe51,0a689d33-2b0d-3942-8de8-e28812e91c69,Gregorio366 Ceja441,M,GENERAL PRACTICE,47 SEAVERNS AVE # 5,BROOKLINE,MA,024463806,42.3317642,-71.1211635,30,0,9999943191
e7d36b49-e2dd-3631-af69-abbbb46a2f7a,6e517750-a29e-3170-a02b-5733ff523458,Levi940 Abbott774,M,GENERAL PRACTICE,101 BARRY RD,WORCESTER,MA,016091275,42.3030701,-71.8333408960994,27,0,9999953596
a9eec58f-ef4a-3d9d-a350-8b22d4e72b30,aad05540-c9cb-3805-b3c4-f9b9d9b42b2e,Carlota980 Maya972,F,GENERAL PRACTICE,821 E MAIN ST STE 3,CHICOPEE,MA,010206306,42.155774795300516,-72.55672263289513,8,0,9999942896
88938900-b7a0-3ff8-866b-3fa1a5e9d93e,83a08dcf-7ed6-3d2e-afc0-a72c05d2563c,Jerri638 Stiedemann542,F,GENERAL PRACTICE,755 MAIN ST,HAVERHILL,MA,018302166,42.797835,-71.0878121,32,0,9999972794
9135bc01-63ad-32ba-a76c-e47253f9dd22,25c85bcc-7e25-36bc-89e8-08e0d473db23,Sharron285 Okuneva707,F,GENERAL PRACTICE,138 S MAIN ST STE 14,MILFORD,MA,017573272,42.1270746,-71.51639128815474,93,0,9999945899
83b8d200-edae-3c16-8461-99a41da57475,d9b71ccf-6649-3555-9e99-44eac0af257f,Javier97 Collier206,M,GENERAL PRACTICE,655 DEDHAM ST,WRENTHAM,MA,020931135,42.084901,-71.30689224201797,170,0,9999888198
d97902ea-0bbe-3657-8eba-0b80939afd26,f002fb4c-544a-3139-b3f1-439864d5474a,Merlin721 Cruickshank494,M,GENERAL PRACTICE,266 LINCOLN AVE,SAUGUS,MA,019063037,42.44952884999999,-70.99452689295308,1,0,9999868695
d903380e-5581-33df-9d42-c8fd552e551c,cbebae9e-f95e-3d2c-9712-289ea8d6aeec,Xochitl483 Haley279,F,GENERAL PRACTICE,49 ROBINWOOD AVENUE,QUINCY,MA,021698130,42.2509914,-71.0037374,1,0,9999991398
697b73ad-2761-3d4b-882c-795208a24060,5862e05c-9533-3f7a-8f73-215d50f5ee2f,Estell607 Barton704,F,GENERAL PRACTICE,1200 CENTRE ST,ROSLINDALE,MA,021311000,42.29768,-71.130463,5,0,9999992990
dd5318ea-0b26-3c95-b3e4-a6307bc2e3f6,ec7e487e-7e78-3eac-a9ee-37f8de98a0f9,Sid118 Hammes673,M,GENERAL PRACTICE,277 WASHINGTON STREET,ABINGTON,MA,023512489,42.10060947239023,-70.94967338146704,1,0,9999883595
83638dcc-2126-3876-8ee8-b1e39752754a,ad482681-b4c4-3fce-ac59-78c83d31b0ba,Beatriz277 Aparicio848,F,GENERAL PRACTICE,130 CHESTNUT ST,FRANKLIN,MA,020383903,42.08345955,-71.38413379825735,8,0,9999871699
94c81653-6c5b-305b-a183-86a203de65f3,a5577e5c-b886-37a0-8eee-8ff6feb7ea6b,Francisca486 Arteaga169,F,GENERAL PRACTICE,330 MOUNT AUBURN ST,CAMBRIDGE,MA,021385502,42.3741033,-71.13417575971958,21,0,9999987198
53a042a5-404c-3030-804b-2cfa02039051,5581e43d-0463-3a0b-afc7-a60aea5ac96c,Benita195 VonRueden376,F,GENERAL PRACTICE,57 RIVER RD,ANDOVER,MA,018101144,42.69112645,-71.19636086287642,28,0,9999976597
74050b5f-7cc0-3062-9efd-f4805a0fb3f4,2bde75a8-708f-3930-8d57-100ab365d413,Cedrick207 Gleason633,M,GENERAL PRACTICE,173 WORCESTER ST,WELLESLEY,MA,024815521,42.2964859,-71.2925571,71,0,9999958090
bbcf50f1-9764-302a-b313-4aa14e1921ef,845fbd9b-2d1c-39a8-8261-28ae40e4fab2,Bennett146 Rippin620,M,GENERAL PRACTICE,14 PROSPECT STREET,UPTON,MA,015681431,42.1700209025178,-71.59409308099494,31,0,9999998294
2000b007-c776-3425-aced-d92b5085d58e,bac9dc0c-cb0f-3fa6-aa12-819dd0fb922a,Floy720 Greenfelder433,F,GENERAL PRACTICE,1493 CAMBRIDGE ST,SOMERVILLE,MA,021452935,42.3875968,-71.0994968,209,0,9999993196
454240d8-b66c-3598-9426-a74451da0155,84d5768f-3a21-3da9-aad2-bbf7a3ae2700,Hank686 Schneider199,M,GENERAL PRACTICE,817 MERRIMACK ST,LOWELL,MA,018543548,42.650296999999995,-71.32263756223612,43,0,9999957191
896ec398-87a1-3b77-89ab-2ad1bddacfbd,9ce6072b-d039-3cde-8eaf-950211b8ae88,Terrie907 Ratke343,F,GENERAL PRACTICE,147 S MAIN ST,MIDDLETON,MA,019492446,42.585787222720036,-71.00861442427218,9,0,9999939199
b5a53fae-549a-3c97-bd84-f161d61fd97c,ecd3b321-0a8a-3ce6-81f0-982dd77fce43,Tracie996 Lesch175,F,GENERAL PRACTICE,25 HIGHLAND AVE,NEWBURYPORT,MA,019503867,42.81369325,-70.89091645747592,85,0,9999994095
9d1896cd-7bfc-3d82-bd38-dcfcdec08ff5,69cb2157-b620-3c51-9c94-f516462d2d55,Anh979 Schroeder447,F,GENERAL PRACTICE,11 WATER ST,ARLINGTON,MA,02476,42.41642055,-71.15424293038585,100,0,9999967893
144ce1cf-a9c5-3656-a9a2-f00b868896ea,9a20d707-68e4-32c0-b2b2-2f5d5c2012cd,Lorinda137 Pouros728,F,GENERAL PRACTICE,131 CAMBRIDGE ST STE 1,BURLINGTON,MA,018033711,42.50284395,-71.19574553661971,37,0,9999942094
9960361a-8955-3eb1-ac31-f607de259cec,a25107f7-f4f5-36fc-98e4-f3e1b5875c91,Tracy345 Wilderman619,M,GENERAL PRACTICE,1285 BEACON ST,WOBURN,MA,018012157,42.4979478,-71.1684508,26,0,9999939090
9a33a3fc-6c13-3507-b3f8-a7d28cbb050b,0e6c3ad1-24c1-34cb-bb6d-e8438fa319e2,Vern731 Casper496,M,GENERAL PRACTICE,50 DODGE ST,SWAMPSCOTT,MA,019071300,42.4699241,-70.9171507,2,0,9999938696
96fe364b-8cd9-3a0f-b313-41dae6ef12f0,bdd9ad72-443a-3563-a626-4c45f6d058b2,Angele108 Bogan287,F,GENERAL PRACTICE,147 PELHAM STREET,WORCESTER,MA,016072105,42.265209,-71.814005,2,0,9999931998
1f159499-871e-37fb-ae87-3e7f561227ae,05fcf001-ab24-3d7d-85f7-f64942d82738,Nickolas58 Schumm995,M,GENERAL PRACTICE,250 POND STREET,FRAMINGHAM,MA,017014592,42.2838619,-71.4093719,1223,0,9999989798
a1d6701f-a786-3571-ab3b-85d748ee626e,83769f98-fff3-3535-8781-6ace5957136f,Harland508 Breitenberg711,M,GENERAL PRACTICE,115 NORTH AVENUE,ROCKLAND,MA,023702129,42.13496385,-70.92237824494691,8,0,9999889998
2968d731-dae8-37ba-abec-6b58dc9578b2,28d71598-85eb-3a0e-90c1-22e0be1af57c,Sammie902 Hermann103,M,GENERAL PRACTICE,38 MULBERRY ST STE 204,NORTHAMPTON,MA,010602832,42.35436315,-72.70256804599192,43,0,9999950592
a226cfb3-b058-394a-947d-ebb3df7a5f90,89171335-b9c0-3326-98d6-a837d432b9fd,Lorette239 Hauck852,F,GENERAL PRACTICE,150 FLANDERS ROAD,LYNN,MA,019042915,42.466763,-70.9494939,52,0,9999988295
ba8a6d51-e809-3b59-bcd5-f82e36393872,217cb6f6-e822-3831-9d9d-ffa104971042,Luther918 Jakubowski832,M,GENERAL PRACTICE,2 REHABILITATION WAY,WOBURN,MA,018016003,42.46352265,-71.161925472006,140,0,9999989897
d7c5186d-9ce9-3626-a445-7c95908efe57,e2a8b444-9b8f-36ff-84c4-05ee98589482,Elmer371 Gusikowski974,M,GENERAL PRACTICE,8 SHIPWAY PL # C-8,CHARLESTOWN,MA,021294301,42.3778749,-71.0619957,22,0,9999947796
80591c53-98f4-3c2f-a728-65b9ec9bc92d,121b0ad1-1beb-3caa-9271-3d3f726bb727,Cortez851 Price929,M,GENERAL PRACTICE,1030 MAIN STREET,WALTHAM,MA,024517447,42.375828,-71.2527956,7,0,9999939892
2cd99f77-1dbd-3107-9364-33cd5794a602,f6ba791e-fe68-3596-bef4-60751db6a60e,Cleo27 Crooks415,M,GENERAL PRACTICE,37 BIRCH STREET,MILFORD,MA,017575501,42.1424349,-71.48943173357203,3,0,9999905596
4a0797f0-2467-3ca5-a62f-81b3a7cc961d,91808f17-7583-32a3-aa55-23b131b327c7,Leonie332 Wunsch504,F,GENERAL PRACTICE,200 CORDWAINER DR,NORWELL,MA,020611671,42.16352995,-70.8846291501739,51,0,9999953299
b0df7974-e1bf-34ee-8ac5-9a39cdc7d50f,c709c5eb-ddd7-3778-84f7-0931a4d1c718,Carmelina668 Goyette777,F,GENERAL PRACTICE,1200 CENTRE ST,ROSLINDALE,MA,021311000,42.29768,-71.130463,11,0,9999985796
73e52d67-ec7f-3da2-ad89-0d37ab690ede,0592d4e5-a0fb-3143-83cd-8e5a6b066a96,Mica978 Lemke654,F,GENERAL PRACTICE,20 EAST ST,HANOVER,MA,023391638,42.1278249,-70.82664947485381,4,0,9999938597
a0281777-6b27-32b8-8f81-993dfb93640b,7b5bf0fc-c5c0-3f22-980b-fdfff326a9b4,Lorenzo669 Castañeda925,M,GENERAL PRACTICE,40 CUMBERLAND AVE,NORTH ATTLEBORO,MA,027604445,41.9316677,-71.35407469790115,43,0,9999938993
e1ec0c3a-1f54-38d9-82de-4d3df0ce1960,6aae7a31-90df-3455-ad8d-81f8cf2d21e8,Damaris45 Funk324,F,GENERAL PRACTICE,680 CENTRE ST,BROCKTON,MA,023023308,42.0872752,-70.9910738855076,79,0,9999987594
